id_premio,url_propia,url_rewardix_original,fecha_sincronizacion
14,https://EliasCEMEX.github.io/cxal-rewards-images/premios/14.jpg,MANUAL,2026-05-18T15:58:21.013902+00:00
16,https://EliasCEMEX.github.io/cxal-rewards-images/premios/16.jpg,MANUAL,2026-05-18T15:58:21.014249+00:00
4246,https://EliasCEMEX.github.io/cxal-rewards-images/premios/4246.jpg,https://cemexalpunto.com/uploads/product_catalog/1722456527_e26fab3ce8af4f279297.jpg,2026-05-18T15:58:25.674654+00:00
2937,https://EliasCEMEX.github.io/cxal-rewards-images/premios/2937.jpg,https://cemexalpunto.com/uploads/product_catalog/1774894935_84267ea00511222137db.jpg,2026-05-18T15:58:28.896217+00:00
3659,https://EliasCEMEX.github.io/cxal-rewards-images/premios/3659.jpg,https://cemexalpunto.com/uploads/product_catalog/1774894975_5714de7c672b1c7ccf4b.jpg,2026-05-18T15:58:30.110845+00:00
2948,https://EliasCEMEX.github.io/cxal-rewards-images/premios/2948.jpg,https://cemexalpunto.com/uploads/product_catalog/1774632637_a20d91f17f4c8077beed.jpg,2026-05-18T15:58:31.459227+00:00
2728,https://EliasCEMEX.github.io/cxal-rewards-images/premios/2728.jpg,https://cemexalpunto.com/uploads/product_catalog/1774895015_3ede3721e3063fb0edd1.jpg,2026-05-18T15:58:33.397198+00:00
3886,https://EliasCEMEX.github.io/cxal-rewards-images/premios/3886.jpg,https://cemexalpunto.com/uploads/product_catalog/1722471765_c5cd7ad4ce3632c018c3.jpg,2026-05-18T15:58:34.526305+00:00
3888,https://EliasCEMEX.github.io/cxal-rewards-images/premios/3888.jpg,https://cemexalpunto.com/uploads/product_catalog/1774895104_11b0f27acfc9c93a186e.png,2026-05-18T15:58:37.958092+00:00
3684,https://EliasCEMEX.github.io/cxal-rewards-images/premios/3684.jpg,https://cemexalpunto.com/uploads/product_catalog/1774632712_a809aedeb10a829aaf0b.jpg,2026-05-18T15:58:39.025932+00:00
5138,https://EliasCEMEX.github.io/cxal-rewards-images/premios/5138.jpg,https://cemexalpunto.com/uploads/product_catalog/1774895175_c67e4bbcebb8bf255929.jpg,2026-05-18T15:58:40.318197+00:00
3803,https://EliasCEMEX.github.io/cxal-rewards-images/premios/3803.jpg,https://cemexalpunto.com/uploads/product_catalog/1722476192_e59dda9b15e3434b91f1.jpg,2026-05-18T15:58:41.881279+00:00
9829,https://EliasCEMEX.github.io/cxal-rewards-images/premios/9829.jpg,https://cemexalpunto.com/uploads/product_catalog/1774632781_30bc640a27ad84683258.jpg,2026-05-18T15:58:43.953385+00:00
4256,https://EliasCEMEX.github.io/cxal-rewards-images/premios/4256.jpg,https://cemexalpunto.com/uploads/product_catalog/1722476437_d79c6f93798350a84683.jpg,2026-05-18T15:58:45.202967+00:00
2970,https://EliasCEMEX.github.io/cxal-rewards-images/premios/2970.jpg,https://cemexalpunto.com/uploads/product_catalog/1722476545_ddcef0405c8697bb9821.jpg,2026-05-18T15:58:46.334601+00:00
2969,https://EliasCEMEX.github.io/cxal-rewards-images/premios/2969.jpg,https://cemexalpunto.com/uploads/product_catalog/1774895229_4032ee9751199cf1417b.jpg,2026-05-18T15:58:47.526722+00:00
3883,https://EliasCEMEX.github.io/cxal-rewards-images/premios/3883.jpg,https://cemexalpunto.com/uploads/product_catalog/1774632830_a050a52730311905f428.jpg,2026-05-18T15:58:48.653964+00:00
2875,https://EliasCEMEX.github.io/cxal-rewards-images/premios/2875.jpg,https://cemexalpunto.com/uploads/product_catalog/1774895315_1c5e33c67db7d0c7e56c.jpg,2026-05-18T15:58:49.810152+00:00
3823,https://EliasCEMEX.github.io/cxal-rewards-images/premios/3823.jpg,https://cemexalpunto.com/uploads/product_catalog/1774895357_c38bfe10b226f0447784.jpg,2026-05-18T15:58:50.858620+00:00
2871,https://EliasCEMEX.github.io/cxal-rewards-images/premios/2871.jpg,https://cemexalpunto.com/uploads/product_catalog/1774895402_e2989ccbcbcb5ccfcfe7.jpg,2026-05-18T15:58:52.050797+00:00
2818,https://EliasCEMEX.github.io/cxal-rewards-images/premios/2818.jpg,https://cemexalpunto.com/uploads/product_catalog/1774632946_1e96aa963dba298d50ca.jpg,2026-05-18T15:58:53.199230+00:00
3890,https://EliasCEMEX.github.io/cxal-rewards-images/premios/3890.jpg,https://cemexalpunto.com/uploads/product_catalog/1774895547_57e5993bc5a9ac40d58e.jpg,2026-05-18T15:58:54.256637+00:00
3692,https://EliasCEMEX.github.io/cxal-rewards-images/premios/3692.jpg,https://cemexalpunto.com/uploads/product_catalog/1722523983_4fad933dff7c6ade9c03.jpg,2026-05-18T15:58:55.409010+00:00
2892,https://EliasCEMEX.github.io/cxal-rewards-images/premios/2892.jpg,https://cemexalpunto.com/uploads/product_catalog/1774895614_3a067fc2da2c677640a9.jpg,2026-05-18T15:58:56.434094+00:00
2665,https://EliasCEMEX.github.io/cxal-rewards-images/premios/2665.jpg,https://cemexalpunto.com/uploads/product_catalog/1774632990_d056d8763df51d3a5906.jpg,2026-05-18T15:58:57.567371+00:00
4060,https://EliasCEMEX.github.io/cxal-rewards-images/premios/4060.jpg,https://cemexalpunto.com/uploads/product_catalog/1774895706_0e816a864ee6e1fcfe7e.jpg,2026-05-18T15:58:58.834849+00:00
2957,https://EliasCEMEX.github.io/cxal-rewards-images/premios/2957.jpg,https://cemexalpunto.com/uploads/product_catalog/1774895772_01e404f2fc061c20af54.jpg,2026-05-18T15:58:59.900265+00:00
3701,https://EliasCEMEX.github.io/cxal-rewards-images/premios/3701.jpg,https://cemexalpunto.com/uploads/product_catalog/1722526480_08105dcb7a00068576d5.jpg,2026-05-18T15:59:01.192494+00:00
2896,https://EliasCEMEX.github.io/cxal-rewards-images/premios/2896.jpg,https://cemexalpunto.com/uploads/product_catalog/1774633067_232051c988c49a42912d.jpg,2026-05-18T15:59:02.211312+00:00
4065,https://EliasCEMEX.github.io/cxal-rewards-images/premios/4065.jpg,https://cemexalpunto.com/uploads/product_catalog/1774634126_4f923a4e4b55bfba8675.jpg,2026-05-18T15:59:03.689161+00:00
4254,https://EliasCEMEX.github.io/cxal-rewards-images/premios/4254.jpg,https://cemexalpunto.com/uploads/product_catalog/1722528530_4c5910cc7dc3e35669dd.jpg,2026-05-18T15:59:04.835071+00:00
4080,https://EliasCEMEX.github.io/cxal-rewards-images/premios/4080.jpg,https://cemexalpunto.com/uploads/product_catalog/1722528633_caebfc231e51058e1754.jpg,2026-05-18T15:59:05.904217+00:00
2874,https://EliasCEMEX.github.io/cxal-rewards-images/premios/2874.jpg,https://cemexalpunto.com/uploads/product_catalog/1774895905_d51e8b4f337c25dbfef4.jpg,2026-05-18T15:59:06.971968+00:00
4258,https://EliasCEMEX.github.io/cxal-rewards-images/premios/4258.jpg,https://cemexalpunto.com/uploads/product_catalog/1774895951_df726d7fb6690145348a.jpg,2026-05-18T15:59:08.008665+00:00
2757,https://EliasCEMEX.github.io/cxal-rewards-images/premios/2757.jpg,https://cemexalpunto.com/uploads/product_catalog/1774635078_84af2ffca2a48d9f9834.jpg,2026-05-18T15:59:09.093941+00:00
4054,https://EliasCEMEX.github.io/cxal-rewards-images/premios/4054.jpg,https://cemexalpunto.com/uploads/product_catalog/1722543336_bf72626cf70efed3d9fd.jpg,2026-05-18T15:59:10.468125+00:00
2400,https://EliasCEMEX.github.io/cxal-rewards-images/premios/2400.jpg,https://cemexalpunto.com/uploads/product_catalog/1774896003_b33946902c8126ac5c4d.jpg,2026-05-18T15:59:11.544113+00:00
9877,https://EliasCEMEX.github.io/cxal-rewards-images/premios/9877.jpg,https://cemexalpunto.com/uploads/product_catalog/1774894498_683eac031fa1bddd0728.png,2026-05-18T15:59:12.758454+00:00
9835,https://EliasCEMEX.github.io/cxal-rewards-images/premios/9835.jpg,https://cemexalpunto.com/uploads/product_catalog/1774896067_6bfefe8d34d5ce028c08.jpg,2026-05-18T15:59:13.885481+00:00
2914,https://EliasCEMEX.github.io/cxal-rewards-images/premios/2914.jpg,https://cemexalpunto.com/uploads/product_catalog/1774896165_5226aa5d689e5ef53c72.jpg,2026-05-18T15:59:15.149244+00:00
2894,https://EliasCEMEX.github.io/cxal-rewards-images/premios/2894.jpg,https://cemexalpunto.com/uploads/product_catalog/1774894623_085a3e9ce008e5dd5586.jpg,2026-05-18T15:59:16.620774+00:00
9878,https://EliasCEMEX.github.io/cxal-rewards-images/premios/9878.jpg,https://cemexalpunto.com/uploads/product_catalog/1774896273_a84c481ca538534d42da.jpg,2026-05-18T15:59:17.797479+00:00
2724,https://EliasCEMEX.github.io/cxal-rewards-images/premios/2724.jpg,https://cemexalpunto.com/uploads/product_catalog/1774635165_aea05f845531c06801f1.jpg,2026-05-18T15:59:18.891058+00:00
4208,https://EliasCEMEX.github.io/cxal-rewards-images/premios/4208.jpg,https://cemexalpunto.com/uploads/product_catalog/1722552397_ae2dec8808441b90b57f.jpg,2026-05-18T15:59:20.005730+00:00
4249,https://EliasCEMEX.github.io/cxal-rewards-images/premios/4249.jpg,https://cemexalpunto.com/uploads/product_catalog/1774896344_bde7f16cb0e2d110d5aa.png,2026-05-18T15:59:21.336757+00:00
3656,https://EliasCEMEX.github.io/cxal-rewards-images/premios/3656.jpg,https://cemexalpunto.com/uploads/product_catalog/1722552791_4e8b19e4c0c5823176e4.jpg,2026-05-18T15:59:22.465618+00:00
3997,https://EliasCEMEX.github.io/cxal-rewards-images/premios/3997.jpg,https://cemexalpunto.com/uploads/product_catalog/1774896405_a9745ff296d3c77f76d4.jpg,2026-05-18T15:59:23.709172+00:00
4252,https://EliasCEMEX.github.io/cxal-rewards-images/premios/4252.jpg,https://cemexalpunto.com/uploads/product_catalog/1774896461_facad6e31b31d4a943ad.jpg,2026-05-18T15:59:24.861596+00:00
4248,https://EliasCEMEX.github.io/cxal-rewards-images/premios/4248.jpg,https://cemexalpunto.com/uploads/product_catalog/1774635239_e9f5497f6769dfacd2a3.jpg,2026-05-18T15:59:26.392884+00:00
9822,https://EliasCEMEX.github.io/cxal-rewards-images/premios/9822.jpg,https://cemexalpunto.com/uploads/product_catalog/1774635300_a59eab58e148ea02d615.jpg,2026-05-18T15:59:27.568606+00:00
2878,https://EliasCEMEX.github.io/cxal-rewards-images/premios/2878.jpg,https://cemexalpunto.com/uploads/product_catalog/1774896502_164ef00d63a91b2fc88b.jpg,2026-05-18T15:59:28.627224+00:00
2830,https://EliasCEMEX.github.io/cxal-rewards-images/premios/2830.jpg,https://cemexalpunto.com/uploads/product_catalog/1774896546_4c1ddf3c9c1a5df0ad17.jpg,2026-05-18T15:59:29.816956+00:00
2668,https://EliasCEMEX.github.io/cxal-rewards-images/premios/2668.jpg,https://cemexalpunto.com/uploads/product_catalog/1774901705_c89b002fc723b3263f48.jpg,2026-05-18T15:59:31.002995+00:00
4686,https://EliasCEMEX.github.io/cxal-rewards-images/premios/4686.jpg,https://cemexalpunto.com/uploads/product_catalog/1774635379_548a930a8bddbd143af2.jpg,2026-05-18T15:59:32.235009+00:00
4687,https://EliasCEMEX.github.io/cxal-rewards-images/premios/4687.jpg,https://cemexalpunto.com/uploads/product_catalog/1722558972_2718a4c7fa8f7ce81399.jpg,2026-05-18T15:59:33.551820+00:00
4689,https://EliasCEMEX.github.io/cxal-rewards-images/premios/4689.jpg,https://cemexalpunto.com/uploads/product_catalog/1774896602_48bad0543472e9256016.jpg,2026-05-18T15:59:34.677859+00:00
4736,https://EliasCEMEX.github.io/cxal-rewards-images/premios/4736.jpg,https://cemexalpunto.com/uploads/product_catalog/1774896652_9452bd00a4c6c800edc7.jpg,2026-05-18T15:59:35.770192+00:00
4694,https://EliasCEMEX.github.io/cxal-rewards-images/premios/4694.jpg,https://cemexalpunto.com/uploads/product_catalog/1774635423_470bdcbf03a3042e2156.jpg,2026-05-18T15:59:36.884168+00:00
4695,https://EliasCEMEX.github.io/cxal-rewards-images/premios/4695.jpg,https://cemexalpunto.com/uploads/product_catalog/1774896860_912cdfcdc7c3b4574396.jpg,2026-05-18T15:59:38.021069+00:00
4696,https://EliasCEMEX.github.io/cxal-rewards-images/premios/4696.jpg,https://cemexalpunto.com/uploads/product_catalog/1774896922_e9366ee03f69c5274e88.jpg,2026-05-18T15:59:39.232205+00:00
4742,https://EliasCEMEX.github.io/cxal-rewards-images/premios/4742.jpg,https://cemexalpunto.com/uploads/product_catalog/1774897163_a6fcfecc31329f93a2a5.jpg,2026-05-18T15:59:40.466608+00:00
4748,https://EliasCEMEX.github.io/cxal-rewards-images/premios/4748.jpg,https://cemexalpunto.com/uploads/product_catalog/1774897302_e42173328a79c2c2b40f.jpg,2026-05-18T15:59:42.047809+00:00
4751,https://EliasCEMEX.github.io/cxal-rewards-images/premios/4751.jpg,https://cemexalpunto.com/uploads/product_catalog/1774897369_f9c1d31825117f9991cc.jpg,2026-05-18T15:59:43.534982+00:00
4753,https://EliasCEMEX.github.io/cxal-rewards-images/premios/4753.jpg,https://cemexalpunto.com/uploads/product_catalog/1774635487_a3fd5623b41c169307ba.jpg,2026-05-18T15:59:44.673062+00:00
4757,https://EliasCEMEX.github.io/cxal-rewards-images/premios/4757.jpg,https://cemexalpunto.com/uploads/product_catalog/1774897412_baf868be671ebd392df5.jpg,2026-05-18T15:59:45.928266+00:00
4760,https://EliasCEMEX.github.io/cxal-rewards-images/premios/4760.jpg,https://cemexalpunto.com/uploads/product_catalog/1774635578_0ad01543e7e065f9a7dc.jpg,2026-05-18T15:59:47.566077+00:00
4765,https://EliasCEMEX.github.io/cxal-rewards-images/premios/4765.jpg,https://cemexalpunto.com/uploads/product_catalog/1774897490_765dee5bd7fecad1df6e.jpg,2026-05-18T15:59:48.716513+00:00
4766,https://EliasCEMEX.github.io/cxal-rewards-images/premios/4766.jpg,https://cemexalpunto.com/uploads/product_catalog/1774897535_da687f3d02173924f672.jpg,2026-05-18T15:59:49.842471+00:00
4738,https://EliasCEMEX.github.io/cxal-rewards-images/premios/4738.jpg,https://cemexalpunto.com/uploads/product_catalog/1774635631_14215963ed34b311214b.jpg,2026-05-18T15:59:50.986746+00:00
4780,https://EliasCEMEX.github.io/cxal-rewards-images/premios/4780.jpg,https://cemexalpunto.com/uploads/product_catalog/1774897592_a28218a9da818c9cfa94.jpg,2026-05-18T15:59:52.150795+00:00
4782,https://EliasCEMEX.github.io/cxal-rewards-images/premios/4782.jpg,https://cemexalpunto.com/uploads/product_catalog/1722565968_692f7b0ded1db092235c.jpg,2026-05-18T15:59:53.390449+00:00
4784,https://EliasCEMEX.github.io/cxal-rewards-images/premios/4784.jpg,https://cemexalpunto.com/uploads/product_catalog/1774635741_e6fa6063b027eb47e9be.jpg,2026-05-18T15:59:54.420158+00:00
4788,https://EliasCEMEX.github.io/cxal-rewards-images/premios/4788.jpg,https://cemexalpunto.com/uploads/product_catalog/1774897649_88c9ed9ef19182902c49.jpg,2026-05-18T15:59:55.456896+00:00
4790,https://EliasCEMEX.github.io/cxal-rewards-images/premios/4790.jpg,https://cemexalpunto.com/uploads/product_catalog/1774897918_f24c1074477c90f821e4.jpg,2026-05-18T15:59:56.521720+00:00
4793,https://EliasCEMEX.github.io/cxal-rewards-images/premios/4793.jpg,https://cemexalpunto.com/uploads/product_catalog/1722566401_f2d74d62e1f3ab963097.jpg,2026-05-18T15:59:57.785289+00:00
4796,https://EliasCEMEX.github.io/cxal-rewards-images/premios/4796.jpg,https://cemexalpunto.com/uploads/product_catalog/1774898011_f4de15fe6aad29123627.jpg,2026-05-18T15:59:58.908963+00:00
4797,https://EliasCEMEX.github.io/cxal-rewards-images/premios/4797.jpg,https://cemexalpunto.com/uploads/product_catalog/1722566618_0e197c0b690a3c004e1f.jpg,2026-05-18T16:00:00.045742+00:00
4798,https://EliasCEMEX.github.io/cxal-rewards-images/premios/4798.jpg,https://cemexalpunto.com/uploads/product_catalog/1722566686_a5008f86bb16107bb675.jpg,2026-05-18T16:00:01.122520+00:00
4799,https://EliasCEMEX.github.io/cxal-rewards-images/premios/4799.jpg,https://cemexalpunto.com/uploads/product_catalog/1722566730_215867e4e088a13b0d10.jpg,2026-05-18T16:00:02.226975+00:00
4800,https://EliasCEMEX.github.io/cxal-rewards-images/premios/4800.jpg,https://cemexalpunto.com/uploads/product_catalog/1774901616_ed08ad9831e98623d292.jpg,2026-05-18T16:00:03.378767+00:00
4801,https://EliasCEMEX.github.io/cxal-rewards-images/premios/4801.jpg,https://cemexalpunto.com/uploads/product_catalog/1722566835_b1453677a7edb1397161.jpg,2026-05-18T16:00:04.451526+00:00
4821,https://EliasCEMEX.github.io/cxal-rewards-images/premios/4821.jpg,https://cemexalpunto.com/uploads/product_catalog/1774636615_3a85f1e6042d9ec60517.jpg,2026-05-18T16:00:05.462575+00:00
4829,https://EliasCEMEX.github.io/cxal-rewards-images/premios/4829.jpg,https://cemexalpunto.com/uploads/product_catalog/1722566941_885ee7b94b39ba08708f.jpg,2026-05-18T16:00:06.639613+00:00
4830,https://EliasCEMEX.github.io/cxal-rewards-images/premios/4830.jpg,https://cemexalpunto.com/uploads/product_catalog/1774637192_be07d8a5a5b20462210c.jpg,2026-05-18T16:00:07.829372+00:00
4802,https://EliasCEMEX.github.io/cxal-rewards-images/premios/4802.jpg,https://cemexalpunto.com/uploads/product_catalog/1774637256_895f5e9b59236313e784.jpg,2026-05-18T16:00:08.882528+00:00
4803,https://EliasCEMEX.github.io/cxal-rewards-images/premios/4803.jpg,https://cemexalpunto.com/uploads/product_catalog/1774637350_ca50ced46d03e167cb31.jpg,2026-05-18T16:00:09.956867+00:00
4811,https://EliasCEMEX.github.io/cxal-rewards-images/premios/4811.jpg,https://cemexalpunto.com/uploads/product_catalog/1774898060_a39933ec58fb3a833b4b.jpg,2026-05-18T16:00:11.080115+00:00
4814,https://EliasCEMEX.github.io/cxal-rewards-images/premios/4814.jpg,https://cemexalpunto.com/uploads/product_catalog/1774637402_346897f17e5086cb7559.jpg,2026-05-18T16:00:12.217015+00:00
4815,https://EliasCEMEX.github.io/cxal-rewards-images/premios/4815.jpg,https://cemexalpunto.com/uploads/product_catalog/1722567327_79a95ab9b95e031ca157.jpg,2026-05-18T16:00:13.318928+00:00
4822,https://EliasCEMEX.github.io/cxal-rewards-images/premios/4822.jpg,https://cemexalpunto.com/uploads/product_catalog/1774637491_d091cd7d801d9688ff1f.jpg,2026-05-18T16:00:14.355394+00:00
4832,https://EliasCEMEX.github.io/cxal-rewards-images/premios/4832.jpg,https://cemexalpunto.com/uploads/product_catalog/1774637544_139f96314cf60631a85a.jpg,2026-05-18T16:00:15.384473+00:00
4833,https://EliasCEMEX.github.io/cxal-rewards-images/premios/4833.jpg,https://cemexalpunto.com/uploads/product_catalog/1774637621_f8101fac0602a64bac8d.jpg,2026-05-18T16:00:16.463121+00:00
4834,https://EliasCEMEX.github.io/cxal-rewards-images/premios/4834.jpg,https://cemexalpunto.com/uploads/product_catalog/1774637875_e14b6a5d8e22bb60799f.jpg,2026-05-18T16:00:17.567083+00:00
4835,https://EliasCEMEX.github.io/cxal-rewards-images/premios/4835.jpg,https://cemexalpunto.com/uploads/product_catalog/1774898110_4aa08d7c71e7ce97f7d7.jpg,2026-05-18T16:00:18.980223+00:00
4836,https://EliasCEMEX.github.io/cxal-rewards-images/premios/4836.jpg,https://cemexalpunto.com/uploads/product_catalog/1774637942_603d28f0cb31004c9871.jpg,2026-05-18T16:00:20.021323+00:00
4837,https://EliasCEMEX.github.io/cxal-rewards-images/premios/4837.jpg,https://cemexalpunto.com/uploads/product_catalog/1774898159_0cc41d1727ab73895680.jpg,2026-05-18T16:00:21.116936+00:00
4839,https://EliasCEMEX.github.io/cxal-rewards-images/premios/4839.jpg,https://cemexalpunto.com/uploads/product_catalog/1722567758_e4f308f5168d00eef67b.jpg,2026-05-18T16:00:22.515895+00:00
4841,https://EliasCEMEX.github.io/cxal-rewards-images/premios/4841.jpg,https://cemexalpunto.com/uploads/product_catalog/1774898213_78e0b702a0879bef851a.jpg,2026-05-18T16:00:23.639876+00:00
4843,https://EliasCEMEX.github.io/cxal-rewards-images/premios/4843.jpg,https://cemexalpunto.com/uploads/product_catalog/1722568106_d688a4217835a6bdcf33.jpg,2026-05-18T16:00:24.842758+00:00
4828,https://EliasCEMEX.github.io/cxal-rewards-images/premios/4828.jpg,https://cemexalpunto.com/uploads/product_catalog/1774637984_7069427dd7698314192a.jpg,2026-05-18T16:00:25.882479+00:00
4849,https://EliasCEMEX.github.io/cxal-rewards-images/premios/4849.jpg,https://cemexalpunto.com/uploads/product_catalog/Ob5dOF4XDjuz.jpg,2026-05-18T16:00:27.048812+00:00
4854,https://EliasCEMEX.github.io/cxal-rewards-images/premios/4854.jpg,https://cemexalpunto.com/uploads/product_catalog/1774638028_ea15504ceec9a35bc9a5.jpg,2026-05-18T16:00:28.050053+00:00
4855,https://EliasCEMEX.github.io/cxal-rewards-images/premios/4855.jpg,https://cemexalpunto.com/uploads/product_catalog/1774898257_1413567d410ff8995be7.jpg,2026-05-18T16:00:29.128095+00:00
4860,https://EliasCEMEX.github.io/cxal-rewards-images/premios/4860.jpg,https://cemexalpunto.com/uploads/product_catalog/1774898306_d8bd7dbb6fcd12f70f63.jpg,2026-05-18T16:00:30.302148+00:00
4892,https://EliasCEMEX.github.io/cxal-rewards-images/premios/4892.jpg,https://cemexalpunto.com/uploads/product_catalog/1722573433_94255b8606658bbf7cd3.jpg,2026-05-18T16:00:31.412851+00:00
4893,https://EliasCEMEX.github.io/cxal-rewards-images/premios/4893.jpg,https://cemexalpunto.com/uploads/product_catalog/1722573482_c285a816346410cbe93a.jpg,2026-05-18T16:00:32.536786+00:00
4894,https://EliasCEMEX.github.io/cxal-rewards-images/premios/4894.jpg,https://cemexalpunto.com/uploads/product_catalog/1722573531_2662382b1e6b57a6d3b4.jpg,2026-05-18T16:00:33.659296+00:00
4895,https://EliasCEMEX.github.io/cxal-rewards-images/premios/4895.jpg,https://cemexalpunto.com/uploads/product_catalog/1722573608_29d6f96e42c509f85c1b.jpg,2026-05-18T16:00:34.758604+00:00
4899,https://EliasCEMEX.github.io/cxal-rewards-images/premios/4899.jpg,https://cemexalpunto.com/uploads/product_catalog/1722573739_0e7c69f9e37cf31e8b95.jpg,2026-05-18T16:00:35.853350+00:00
4904,https://EliasCEMEX.github.io/cxal-rewards-images/premios/4904.jpg,https://cemexalpunto.com/uploads/product_catalog/1722573878_287f15ae17db140955d6.jpg,2026-05-18T16:00:36.956184+00:00
4906,https://EliasCEMEX.github.io/cxal-rewards-images/premios/4906.jpg,https://cemexalpunto.com/uploads/product_catalog/1722573965_a1fced46484a318129b0.jpg,2026-05-18T16:00:38.043809+00:00
4911,https://EliasCEMEX.github.io/cxal-rewards-images/premios/4911.jpg,https://cemexalpunto.com/uploads/product_catalog/1722574018_a886b1fbfadc824e80e9.jpg,2026-05-18T16:00:39.103934+00:00
4913,https://EliasCEMEX.github.io/cxal-rewards-images/premios/4913.jpg,https://cemexalpunto.com/uploads/product_catalog/1722574077_6c575ac4063628bc22b6.jpg,2026-05-18T16:00:41.466400+00:00
4914,https://EliasCEMEX.github.io/cxal-rewards-images/premios/4914.jpg,https://cemexalpunto.com/uploads/product_catalog/1722574193_9a156290144561b4e79b.jpg,2026-05-18T16:00:43.330883+00:00
4915,https://EliasCEMEX.github.io/cxal-rewards-images/premios/4915.jpg,https://cemexalpunto.com/uploads/product_catalog/1722574278_d591b069bbc7c41924c6.jpg,2026-05-18T16:00:44.789236+00:00
4916,https://EliasCEMEX.github.io/cxal-rewards-images/premios/4916.jpg,https://cemexalpunto.com/uploads/product_catalog/1722574328_9acc8fa748c309aaf4e0.jpg,2026-05-18T16:00:45.910384+00:00
4917,https://EliasCEMEX.github.io/cxal-rewards-images/premios/4917.jpg,https://cemexalpunto.com/uploads/product_catalog/1722574395_7f6ce1a91e7de3ceebf1.jpg,2026-05-18T16:00:46.986446+00:00
4919,https://EliasCEMEX.github.io/cxal-rewards-images/premios/4919.jpg,https://cemexalpunto.com/uploads/product_catalog/1774902024_bcaa8a9d3bbce7e7ce70.jpg,2026-05-18T16:00:47.988900+00:00
5840,https://EliasCEMEX.github.io/cxal-rewards-images/premios/5840.jpg,https://cemexalpunto.com/uploads/product_catalog/1722574605_f02584d6fe3678e8e8e1.jpg,2026-05-18T16:00:49.173316+00:00
4921,https://EliasCEMEX.github.io/cxal-rewards-images/premios/4921.jpg,https://cemexalpunto.com/uploads/product_catalog/1774902092_e3fb886fca35f460cb5d.png,2026-05-18T16:00:50.376273+00:00
4863,https://EliasCEMEX.github.io/cxal-rewards-images/premios/4863.jpg,https://cemexalpunto.com/uploads/product_catalog/1722576016_15664b9fa3bb41cf6499.jpg,2026-05-18T16:00:51.450127+00:00
4864,https://EliasCEMEX.github.io/cxal-rewards-images/premios/4864.jpg,https://cemexalpunto.com/uploads/product_catalog/1774898419_6b04dbc10c7b5acd8c9f.jpg,2026-05-18T16:00:52.512081+00:00
4866,https://EliasCEMEX.github.io/cxal-rewards-images/premios/4866.jpg,https://cemexalpunto.com/uploads/product_catalog/1774898468_0cf21eacf610f3908b9c.jpg,2026-05-18T16:00:53.545297+00:00
4868,https://EliasCEMEX.github.io/cxal-rewards-images/premios/4868.jpg,https://cemexalpunto.com/uploads/product_catalog/1774898525_1fd16b2c9896a8bc6147.jpg,2026-05-18T16:00:54.643808+00:00
4870,https://EliasCEMEX.github.io/cxal-rewards-images/premios/4870.jpg,https://cemexalpunto.com/uploads/product_catalog/1774898622_bbdda49eb6097c1ec532.jpg,2026-05-18T16:00:55.718465+00:00
4871,https://EliasCEMEX.github.io/cxal-rewards-images/premios/4871.jpg,https://cemexalpunto.com/uploads/product_catalog/1774638077_f192952957514fa5151e.jpg,2026-05-18T16:00:56.856119+00:00
4719,https://EliasCEMEX.github.io/cxal-rewards-images/premios/4719.jpg,https://cemexalpunto.com/uploads/product_catalog/1774898657_25ccf76c854a3e897692.jpg,2026-05-18T16:00:57.860372+00:00
4881,https://EliasCEMEX.github.io/cxal-rewards-images/premios/4881.jpg,https://cemexalpunto.com/uploads/product_catalog/1774898701_4e2c5011af437e8dc30a.jpg,2026-05-18T16:00:58.946648+00:00
3855,https://EliasCEMEX.github.io/cxal-rewards-images/premios/3855.jpg,https://cemexalpunto.com/uploads/product_catalog/1774902240_39ffde989d2c78d3d90f.png,2026-05-18T16:01:00.007297+00:00
3856,https://EliasCEMEX.github.io/cxal-rewards-images/premios/3856.jpg,https://cemexalpunto.com/uploads/product_catalog/1774904132_4ae647ffa368dfca6863.png,2026-05-18T16:01:01.099741+00:00
3857,https://EliasCEMEX.github.io/cxal-rewards-images/premios/3857.jpg,https://cemexalpunto.com/uploads/product_catalog/1774904174_b914030a8c597abea9c3.png,2026-05-18T16:01:02.148595+00:00
3858,https://EliasCEMEX.github.io/cxal-rewards-images/premios/3858.jpg,https://cemexalpunto.com/uploads/product_catalog/1774904210_1f20bacb28439bf6ce08.png,2026-05-18T16:01:03.227817+00:00
3859,https://EliasCEMEX.github.io/cxal-rewards-images/premios/3859.jpg,https://cemexalpunto.com/uploads/product_catalog/1774904240_844b7e86ade2fd0931ea.png,2026-05-18T16:01:04.295725+00:00
3920,https://EliasCEMEX.github.io/cxal-rewards-images/premios/3920.jpg,https://cemexalpunto.com/uploads/product_catalog/1722610143_770cdd29c4814647610f.jpg,2026-05-18T16:01:05.405601+00:00
4635,https://EliasCEMEX.github.io/cxal-rewards-images/premios/4635.jpg,https://cemexalpunto.com/uploads/product_catalog/1774904310_2df60659b79549a3d47a.jpg,2026-05-18T16:01:06.538935+00:00
3490,https://EliasCEMEX.github.io/cxal-rewards-images/premios/3490.jpg,https://cemexalpunto.com/uploads/product_catalog/1774621596_0e10d135f09c9d703a79.png,2026-05-18T16:01:07.676999+00:00
4639,https://EliasCEMEX.github.io/cxal-rewards-images/premios/4639.jpg,https://cemexalpunto.com/uploads/product_catalog/1774904079_4776e6c285d5ab1ce648.jpg,2026-05-18T16:01:08.708761+00:00
4758,https://EliasCEMEX.github.io/cxal-rewards-images/premios/4758.jpg,https://cemexalpunto.com/uploads/product_catalog/1774638266_5da9fb5ed0c5bd597a5b.jpg,2026-05-18T16:01:09.771718+00:00
3665,https://EliasCEMEX.github.io/cxal-rewards-images/premios/3665.jpg,https://cemexalpunto.com/uploads/product_catalog/1774638320_d0670fde9a3e0d7889d8.jpg,2026-05-18T16:01:10.869105+00:00
2406,https://EliasCEMEX.github.io/cxal-rewards-images/premios/2406.jpg,https://cemexalpunto.com/uploads/product_catalog/1774638392_db2b113e1ea0f4bc6a38.jpg,2026-05-18T16:01:11.899487+00:00
5030,https://EliasCEMEX.github.io/cxal-rewards-images/premios/5030.jpg,https://cemexalpunto.com/uploads/product_catalog/1776799230_8cf516500b6950fa4740.jpg,2026-05-18T16:01:12.974615+00:00
4785,https://EliasCEMEX.github.io/cxal-rewards-images/premios/4785.jpg,https://cemexalpunto.com/uploads/product_catalog/1774898841_19fdf97659767d5302b5.jpg,2026-05-18T16:01:14.151028+00:00
5022,https://EliasCEMEX.github.io/cxal-rewards-images/premios/5022.jpg,https://cemexalpunto.com/uploads/product_catalog/1774638455_30edc9d2388033e92a14.jpg,2026-05-18T16:01:15.235802+00:00
5047,https://EliasCEMEX.github.io/cxal-rewards-images/premios/5047.jpg,https://cemexalpunto.com/uploads/product_catalog/1774898880_520988fabc1ef997eada.jpg,2026-05-18T16:01:16.319033+00:00
5049,https://EliasCEMEX.github.io/cxal-rewards-images/premios/5049.jpg,https://cemexalpunto.com/uploads/product_catalog/1725462840_da0ead9561020890a23e.jpg,2026-05-18T16:01:17.394800+00:00
5048,https://EliasCEMEX.github.io/cxal-rewards-images/premios/5048.jpg,https://cemexalpunto.com/uploads/product_catalog/1774638532_0b8a2604d9d42337680c.jpg,2026-05-18T16:01:18.562663+00:00
5072,https://EliasCEMEX.github.io/cxal-rewards-images/premios/5072.jpg,https://cemexalpunto.com/uploads/product_catalog/1725463982_5bbdd8faf7a273c15b7c.jpg,2026-05-18T16:01:19.760098+00:00
5073,https://EliasCEMEX.github.io/cxal-rewards-images/premios/5073.jpg,https://cemexalpunto.com/uploads/product_catalog/1774638595_feb7e684e8f70e3e9d4e.jpg,2026-05-18T16:01:21.129976+00:00
8139,https://EliasCEMEX.github.io/cxal-rewards-images/premios/8139.jpg,https://cemexalpunto.com/uploads/product_catalog/1725911152_239614ff0318467d6429.png,2026-05-18T16:01:22.307984+00:00
5015,https://EliasCEMEX.github.io/cxal-rewards-images/premios/5015.jpg,https://cemexalpunto.com/uploads/product_catalog/1774638638_25dc29b2a6a42e3eaa0c.jpg,2026-05-18T16:01:23.775901+00:00
5017,https://EliasCEMEX.github.io/cxal-rewards-images/premios/5017.jpg,https://cemexalpunto.com/uploads/product_catalog/1774901416_73d92797cdbb34c909ad.jpg,2026-05-18T16:01:24.997009+00:00
5018,https://EliasCEMEX.github.io/cxal-rewards-images/premios/5018.jpg,https://cemexalpunto.com/uploads/product_catalog/1774901527_6d60c9c595d204920644.jpg,2026-05-18T16:01:26.122488+00:00
5019,https://EliasCEMEX.github.io/cxal-rewards-images/premios/5019.jpg,https://cemexalpunto.com/uploads/product_catalog/1774638841_e52087f50c45f2670317.jpg,2026-05-18T16:01:27.259453+00:00
5090,https://EliasCEMEX.github.io/cxal-rewards-images/premios/5090.jpg,https://cemexalpunto.com/uploads/product_catalog/1727380693_172d8047f8a907c76313.jpg,2026-05-18T16:01:28.397473+00:00
5091,https://EliasCEMEX.github.io/cxal-rewards-images/premios/5091.jpg,https://cemexalpunto.com/uploads/product_catalog/1774898938_700bf6a24a4034a920ba.jpg,2026-05-18T16:01:29.616584+00:00
5092,https://EliasCEMEX.github.io/cxal-rewards-images/premios/5092.jpg,https://cemexalpunto.com/uploads/product_catalog/1774638921_36b44d5cf66250826060.jpg,2026-05-18T16:01:30.726801+00:00
5095,https://EliasCEMEX.github.io/cxal-rewards-images/premios/5095.jpg,https://cemexalpunto.com/uploads/product_catalog/1774899007_7f4d7fac02ee95a96ec3.jpg,2026-05-18T16:01:31.931404+00:00
5100,https://EliasCEMEX.github.io/cxal-rewards-images/premios/5100.jpg,https://cemexalpunto.com/uploads/product_catalog/1727390939_889e4255911bd92f72fe.jpg,2026-05-18T16:01:33.102305+00:00
5101,https://EliasCEMEX.github.io/cxal-rewards-images/premios/5101.jpg,https://cemexalpunto.com/uploads/product_catalog/1727391260_fe62701f3cd5f5042b2d.jpg,2026-05-18T16:01:34.336927+00:00
5107,https://EliasCEMEX.github.io/cxal-rewards-images/premios/5107.jpg,https://cemexalpunto.com/uploads/product_catalog/1774638996_01d381311e1244689a7d.jpg,2026-05-18T16:01:35.375015+00:00
5108,https://EliasCEMEX.github.io/cxal-rewards-images/premios/5108.jpg,https://cemexalpunto.com/uploads/product_catalog/1774639050_cfc3e281f12ed2ad4718.jpg,2026-05-18T16:01:36.417764+00:00
5137,https://EliasCEMEX.github.io/cxal-rewards-images/premios/5137.jpg,https://cemexalpunto.com/uploads/product_catalog/1729107856_fb827917cdf8f9d7c076.jpg,2026-05-18T16:01:37.611531+00:00
3970,https://EliasCEMEX.github.io/cxal-rewards-images/premios/3970.jpg,https://cemexalpunto.com/uploads/product_catalog/1729280731_ac398f3404a1b151c725.jpg,2026-05-18T16:01:38.830760+00:00
3976,https://EliasCEMEX.github.io/cxal-rewards-images/premios/3976.jpg,https://cemexalpunto.com/uploads/product_catalog/1729280793_871552efaa1d15798595.jpg,2026-05-18T16:01:40.085038+00:00
5170,https://EliasCEMEX.github.io/cxal-rewards-images/premios/5170.jpg,https://cemexalpunto.com/uploads/product_catalog/1774639103_081b5f0da8e6a3a20405.jpg,2026-05-18T16:01:41.498405+00:00
5194,https://EliasCEMEX.github.io/cxal-rewards-images/premios/5194.jpg,https://cemexalpunto.com/uploads/product_catalog/1729541265_6c397a3bfce2be73bd93.jpg,2026-05-18T16:01:44.176309+00:00
4170,https://EliasCEMEX.github.io/cxal-rewards-images/premios/4170.jpg,https://cemexalpunto.com/uploads/product_catalog/1730131563_8fc2f30b68f8ba424bfa.jpg,2026-05-18T16:01:45.306954+00:00
4172,https://EliasCEMEX.github.io/cxal-rewards-images/premios/4172.jpg,https://cemexalpunto.com/uploads/product_catalog/1730131629_81a5c4cc007223896d13.jpg,2026-05-18T16:01:46.497816+00:00
4173,https://EliasCEMEX.github.io/cxal-rewards-images/premios/4173.jpg,https://cemexalpunto.com/uploads/product_catalog/1730131680_b07745a1c2b65bc92451.jpg,2026-05-18T16:01:47.628925+00:00
3124,https://EliasCEMEX.github.io/cxal-rewards-images/premios/3124.jpg,https://cemexalpunto.com/uploads/product_catalog/1730388914_199e8c38a770e67e5258.jpg,2026-05-18T16:01:48.888728+00:00
3113,https://EliasCEMEX.github.io/cxal-rewards-images/premios/3113.jpg,https://cemexalpunto.com/uploads/product_catalog/1730388983_431bec796d80f1588cb8.jpg,2026-05-18T16:01:50.058986+00:00
3115,https://EliasCEMEX.github.io/cxal-rewards-images/premios/3115.jpg,https://cemexalpunto.com/uploads/product_catalog/1730389033_2cc54cefd89ee3d67aa8.jpg,2026-05-18T16:01:51.184072+00:00
9571,https://EliasCEMEX.github.io/cxal-rewards-images/premios/9571.jpg,https://cemexalpunto.com/uploads/product_catalog/1730389074_48d748a8240d9530cd7b.jpg,2026-05-18T16:01:52.344052+00:00
3117,https://EliasCEMEX.github.io/cxal-rewards-images/premios/3117.jpg,https://cemexalpunto.com/uploads/product_catalog/1730389117_9f4bb30eae57dfd7bca4.jpg,2026-05-18T16:01:53.429951+00:00
9561,https://EliasCEMEX.github.io/cxal-rewards-images/premios/9561.jpg,https://cemexalpunto.com/uploads/product_catalog/1730389158_aeed34589d76467f4203.jpg,2026-05-18T16:01:54.514050+00:00
9562,https://EliasCEMEX.github.io/cxal-rewards-images/premios/9562.jpg,https://cemexalpunto.com/uploads/product_catalog/1730389201_7c37ff169d8b486eb105.jpg,2026-05-18T16:01:55.652559+00:00
5031,https://EliasCEMEX.github.io/cxal-rewards-images/premios/5031.jpg,https://cemexalpunto.com/uploads/product_catalog/1730389242_aa89e4cfffb14992377e.jpg,2026-05-18T16:01:56.759661+00:00
4813,https://EliasCEMEX.github.io/cxal-rewards-images/premios/4813.jpg,https://cemexalpunto.com/uploads/product_catalog/1775002696_e15bba3610a4b579fdc9.png,2026-05-18T16:01:58.161043+00:00
5003,https://EliasCEMEX.github.io/cxal-rewards-images/premios/5003.jpg,https://cemexalpunto.com/uploads/product_catalog/1731001837_18c8887c1af1ee60aa4e.jpg,2026-05-18T16:01:59.308225+00:00
5234,https://EliasCEMEX.github.io/cxal-rewards-images/premios/5234.jpg,https://cemexalpunto.com/uploads/product_catalog/1731088994_8160d423da15f533ad53.jpg,2026-05-18T16:02:00.457321+00:00
4190,https://EliasCEMEX.github.io/cxal-rewards-images/premios/4190.jpg,https://cemexalpunto.com/uploads/product_catalog/1731434190_a161704dc21b6543856d.jpg,2026-05-18T16:02:01.542472+00:00
3930,https://EliasCEMEX.github.io/cxal-rewards-images/premios/3930.jpg,https://cemexalpunto.com/uploads/product_catalog/1731434244_5a14b11b2d6bb18517f7.jpg,2026-05-18T16:02:02.705752+00:00
4701,https://EliasCEMEX.github.io/cxal-rewards-images/premios/4701.jpg,https://cemexalpunto.com/uploads/product_catalog/1731434295_b5be78a8e8730830d6f3.jpg,2026-05-18T16:02:03.773659+00:00
4702,https://EliasCEMEX.github.io/cxal-rewards-images/premios/4702.jpg,https://cemexalpunto.com/uploads/product_catalog/1731434346_470b48eab531b9265aa8.jpg,2026-05-18T16:02:04.862000+00:00
4703,https://EliasCEMEX.github.io/cxal-rewards-images/premios/4703.jpg,https://cemexalpunto.com/uploads/product_catalog/1731434394_865007e93b1a61081f2d.jpg,2026-05-18T16:02:05.957246+00:00
4200,https://EliasCEMEX.github.io/cxal-rewards-images/premios/4200.jpg,https://cemexalpunto.com/uploads/product_catalog/1776206103_3577f2cf57f25de94f1b.png,2026-05-18T16:02:07.054300+00:00
3933,https://EliasCEMEX.github.io/cxal-rewards-images/premios/3933.jpg,https://cemexalpunto.com/uploads/product_catalog/1744302639_f9af4a80e90faaf4c312.png,2026-05-18T16:02:08.365545+00:00
9912,https://EliasCEMEX.github.io/cxal-rewards-images/premios/9912.jpg,https://cemexalpunto.com/uploads/product_catalog/1732122319_63caba1bef7e79e87fdd.jpg,2026-05-18T16:02:09.464605+00:00
3871,https://EliasCEMEX.github.io/cxal-rewards-images/premios/3871.jpg,https://cemexalpunto.com/uploads/product_catalog/1769616716_a3f8faad39c78ca899bf.png,2026-05-18T16:02:10.649985+00:00
3873,https://EliasCEMEX.github.io/cxal-rewards-images/premios/3873.jpg,https://cemexalpunto.com/uploads/product_catalog/1769616580_18a4fc126bfdf40eb124.png,2026-05-18T16:02:11.727368+00:00
5400,https://EliasCEMEX.github.io/cxal-rewards-images/premios/5400.jpg,https://cemexalpunto.com/uploads/product_catalog/1743721235_e88c50b1a490ec22c881.jpg,2026-05-18T16:02:12.785955+00:00
5381,https://EliasCEMEX.github.io/cxal-rewards-images/premios/5381.jpg,https://cemexalpunto.com/uploads/product_catalog/1744134513_c3cde4ba18cebf58dca5.jpg,2026-05-18T16:02:13.823218+00:00
5841,https://EliasCEMEX.github.io/cxal-rewards-images/premios/5841.jpg,https://cemexalpunto.com/uploads/product_catalog/1744331265_bf89f958fd42e2efdfba.jpg,2026-05-18T16:02:15.150032+00:00
5842,https://EliasCEMEX.github.io/cxal-rewards-images/premios/5842.jpg,https://cemexalpunto.com/uploads/product_catalog/1744641681_5f0e40efb00702a9db5d.jpg,2026-05-18T16:02:16.349074+00:00
5417,https://EliasCEMEX.github.io/cxal-rewards-images/premios/5417.jpg,https://cemexalpunto.com/uploads/product_catalog/1774901227_6f07311960d3cb82f613.jpg,2026-05-18T16:02:17.449240+00:00
5843,https://EliasCEMEX.github.io/cxal-rewards-images/premios/5843.jpg,https://cemexalpunto.com/uploads/product_catalog/1744653502_be8965cb8b85800f536a.jpg,2026-05-18T16:02:18.762976+00:00
5444,https://EliasCEMEX.github.io/cxal-rewards-images/premios/5444.jpg,https://cemexalpunto.com/uploads/product_catalog/1744656581_34a1aab977f43dd3f9df.jpg,2026-05-18T16:02:19.901278+00:00
5382,https://EliasCEMEX.github.io/cxal-rewards-images/premios/5382.jpg,https://cemexalpunto.com/uploads/product_catalog/1746635948_a8c0eac489100afa67d9.jpg,2026-05-18T16:02:20.944730+00:00
5580,https://EliasCEMEX.github.io/cxal-rewards-images/premios/5580.jpg,https://cemexalpunto.com/uploads/product_catalog/1747334827_13a45b0427fb7d6659f5.jpg,2026-05-18T16:02:22.031882+00:00
5473,https://EliasCEMEX.github.io/cxal-rewards-images/premios/5473.jpg,https://cemexalpunto.com/uploads/product_catalog/1774639485_449c87de95c5f08c27d8.jpg,2026-05-18T16:02:23.096076+00:00
5314,https://EliasCEMEX.github.io/cxal-rewards-images/premios/5314.jpg,https://cemexalpunto.com/uploads/product_catalog/1748285186_3c139416708af77bac95.jpg,2026-05-18T16:02:24.173685+00:00
5513,https://EliasCEMEX.github.io/cxal-rewards-images/premios/5513.jpg,https://cemexalpunto.com/uploads/product_catalog/1748286773_e6507fc5142f6ee3d6cd.jpg,2026-05-18T16:02:25.478466+00:00
5517,https://EliasCEMEX.github.io/cxal-rewards-images/premios/5517.jpg,https://cemexalpunto.com/uploads/product_catalog/1748287105_16726d24514d00c07191.jpg,2026-05-18T16:02:26.713797+00:00
5461,https://EliasCEMEX.github.io/cxal-rewards-images/premios/5461.jpg,https://cemexalpunto.com/uploads/product_catalog/1748463824_733fc5aab44b220ff828.jpg,2026-05-18T16:02:27.974821+00:00
5388,https://EliasCEMEX.github.io/cxal-rewards-images/premios/5388.jpg,https://cemexalpunto.com/uploads/product_catalog/1749165275_ef31fdf73a48090cb6a7.jpg,2026-05-18T16:02:29.021567+00:00
5270,https://EliasCEMEX.github.io/cxal-rewards-images/premios/5270.jpg,https://cemexalpunto.com/uploads/product_catalog/1774639551_aea7b8d9fa585792c86e.jpg,2026-05-18T16:02:30.064695+00:00
5271,https://EliasCEMEX.github.io/cxal-rewards-images/premios/5271.jpg,https://cemexalpunto.com/uploads/product_catalog/1749829662_ea3d1e543ca12c090be9.jpg,2026-05-18T16:02:31.252034+00:00
5274,https://EliasCEMEX.github.io/cxal-rewards-images/premios/5274.jpg,https://cemexalpunto.com/uploads/product_catalog/1774639635_7413190b14bb361aec71.jpg,2026-05-18T16:02:32.465814+00:00
5275,https://EliasCEMEX.github.io/cxal-rewards-images/premios/5275.jpg,https://cemexalpunto.com/uploads/product_catalog/1774640758_e93261524efd8d6d3d02.jpg,2026-05-18T16:02:33.483831+00:00
5276,https://EliasCEMEX.github.io/cxal-rewards-images/premios/5276.jpg,https://cemexalpunto.com/uploads/product_catalog/1774640805_be479f000485ba3747d5.jpg,2026-05-18T16:02:34.580777+00:00
5277,https://EliasCEMEX.github.io/cxal-rewards-images/premios/5277.jpg,https://cemexalpunto.com/uploads/product_catalog/1774640849_b96530f264c44ffb7c32.jpg,2026-05-18T16:02:35.673450+00:00
5278,https://EliasCEMEX.github.io/cxal-rewards-images/premios/5278.jpg,https://cemexalpunto.com/uploads/product_catalog/1774640909_8c6f256edaed63bdc81b.jpg,2026-05-18T16:02:36.843649+00:00
5279,https://EliasCEMEX.github.io/cxal-rewards-images/premios/5279.jpg,https://cemexalpunto.com/uploads/product_catalog/1749841732_7c02492660d80612536a.jpg,2026-05-18T16:02:38.257262+00:00
5280,https://EliasCEMEX.github.io/cxal-rewards-images/premios/5280.jpg,https://cemexalpunto.com/uploads/product_catalog/1774640953_195dfb1682854bca7845.jpg,2026-05-18T16:02:39.358069+00:00
5281,https://EliasCEMEX.github.io/cxal-rewards-images/premios/5281.jpg,https://cemexalpunto.com/uploads/product_catalog/1749848176_beb289bb2a63103180d8.jpg,2026-05-18T16:02:40.897616+00:00
5282,https://EliasCEMEX.github.io/cxal-rewards-images/premios/5282.jpg,https://cemexalpunto.com/uploads/product_catalog/1774641026_e908fd3e56b9c4dd184b.jpg,2026-05-18T16:02:42.124846+00:00
5283,https://EliasCEMEX.github.io/cxal-rewards-images/premios/5283.jpg,https://cemexalpunto.com/uploads/product_catalog/1750086709_4c0c6281d8f6e007446e.jpg,2026-05-18T16:02:43.569038+00:00
5284,https://EliasCEMEX.github.io/cxal-rewards-images/premios/5284.jpg,https://cemexalpunto.com/uploads/product_catalog/1774641070_6884bf79041f29f42824.jpg,2026-05-18T16:02:44.682446+00:00
5285,https://EliasCEMEX.github.io/cxal-rewards-images/premios/5285.jpg,https://cemexalpunto.com/uploads/product_catalog/1774641122_98687026169757049e7e.jpg,2026-05-18T16:02:45.828070+00:00
5286,https://EliasCEMEX.github.io/cxal-rewards-images/premios/5286.jpg,https://cemexalpunto.com/uploads/product_catalog/1774641156_2edb357962ae61d35e96.jpg,2026-05-18T16:02:46.911179+00:00
5287,https://EliasCEMEX.github.io/cxal-rewards-images/premios/5287.jpg,https://cemexalpunto.com/uploads/product_catalog/1774641212_41902154a7379b6a9683.jpg,2026-05-18T16:02:48.105343+00:00
5288,https://EliasCEMEX.github.io/cxal-rewards-images/premios/5288.jpg,https://cemexalpunto.com/uploads/product_catalog/1774641247_f45bca058539bf3bded3.jpg,2026-05-18T16:02:49.195202+00:00
5289,https://EliasCEMEX.github.io/cxal-rewards-images/premios/5289.jpg,https://cemexalpunto.com/uploads/product_catalog/1774641313_6844fc9bb284aaf18812.jpg,2026-05-18T16:02:50.289120+00:00
5290,https://EliasCEMEX.github.io/cxal-rewards-images/premios/5290.jpg,https://cemexalpunto.com/uploads/product_catalog/1774641425_5708ff7fa4d1e46c2ea7.jpg,2026-05-18T16:02:51.442343+00:00
5291,https://EliasCEMEX.github.io/cxal-rewards-images/premios/5291.jpg,https://cemexalpunto.com/uploads/product_catalog/1774641470_d334f3f175820240495d.jpg,2026-05-18T16:02:52.488209+00:00
5292,https://EliasCEMEX.github.io/cxal-rewards-images/premios/5292.jpg,https://cemexalpunto.com/uploads/product_catalog/1774641503_6657f1ee2a6f187c1846.jpg,2026-05-18T16:02:53.633331+00:00
5295,https://EliasCEMEX.github.io/cxal-rewards-images/premios/5295.jpg,https://cemexalpunto.com/uploads/product_catalog/1750100117_255d32009f0b565790da.jpg,2026-05-18T16:02:54.808910+00:00
5296,https://EliasCEMEX.github.io/cxal-rewards-images/premios/5296.jpg,https://cemexalpunto.com/uploads/product_catalog/1750100698_f2af5829669db4d8b242.jpg,2026-05-18T16:02:55.945260+00:00
5310,https://EliasCEMEX.github.io/cxal-rewards-images/premios/5310.jpg,https://cemexalpunto.com/uploads/product_catalog/1774641538_e0342f5bddfe9cad0714.jpg,2026-05-18T16:02:57.263834+00:00
5262,https://EliasCEMEX.github.io/cxal-rewards-images/premios/5262.jpg,https://cemexalpunto.com/uploads/product_catalog/1750102075_ae87cdf52db8ba55179b.jpg,2026-05-18T16:02:58.489980+00:00
5263,https://EliasCEMEX.github.io/cxal-rewards-images/premios/5263.jpg,https://cemexalpunto.com/uploads/product_catalog/1774641587_31fb0c880c46e8ce1b57.jpg,2026-05-18T16:02:59.564559+00:00
5264,https://EliasCEMEX.github.io/cxal-rewards-images/premios/5264.jpg,https://cemexalpunto.com/uploads/product_catalog/1774641644_78e78af219c03c3de7eb.jpg,2026-05-18T16:03:00.614497+00:00
5265,https://EliasCEMEX.github.io/cxal-rewards-images/premios/5265.jpg,https://cemexalpunto.com/uploads/product_catalog/1774641738_1ee24814678e3eddf0c6.jpg,2026-05-18T16:03:01.662027+00:00
5266,https://EliasCEMEX.github.io/cxal-rewards-images/premios/5266.jpg,https://cemexalpunto.com/uploads/product_catalog/1750103756_c2cdfd8caf92742a1280.jpg,2026-05-18T16:03:02.851455+00:00
5267,https://EliasCEMEX.github.io/cxal-rewards-images/premios/5267.jpg,https://cemexalpunto.com/uploads/product_catalog/1774641780_5366c5c7b90b59462a6e.jpg,2026-05-18T16:03:04.233737+00:00
5268,https://EliasCEMEX.github.io/cxal-rewards-images/premios/5268.jpg,https://cemexalpunto.com/uploads/product_catalog/1774641839_9cfab199f10202f021d7.jpg,2026-05-18T16:03:05.311072+00:00
5269,https://EliasCEMEX.github.io/cxal-rewards-images/premios/5269.jpg,https://cemexalpunto.com/uploads/product_catalog/1774641901_ed0e74539a754c8d3b9c.jpg,2026-05-18T16:03:06.438948+00:00
5320,https://EliasCEMEX.github.io/cxal-rewards-images/premios/5320.jpg,https://cemexalpunto.com/uploads/product_catalog/1750289376_eade9939279178578f83.jpg,2026-05-18T16:03:07.944312+00:00
5321,https://EliasCEMEX.github.io/cxal-rewards-images/premios/5321.jpg,https://cemexalpunto.com/uploads/product_catalog/1774641934_802f2db00f090ca7286d.jpg,2026-05-18T16:03:09.019570+00:00
5323,https://EliasCEMEX.github.io/cxal-rewards-images/premios/5323.jpg,https://cemexalpunto.com/uploads/product_catalog/1774641991_9cd4e724e719b9e2748c.jpg,2026-05-18T16:03:10.237512+00:00
5324,https://EliasCEMEX.github.io/cxal-rewards-images/premios/5324.jpg,https://cemexalpunto.com/uploads/product_catalog/1774642028_12508a8d40e7176bc95b.jpg,2026-05-18T16:03:11.310055+00:00
5325,https://EliasCEMEX.github.io/cxal-rewards-images/premios/5325.jpg,https://cemexalpunto.com/uploads/product_catalog/1750347564_9af497a85014628c6f1a.jpg,2026-05-18T16:03:12.406548+00:00
5326,https://EliasCEMEX.github.io/cxal-rewards-images/premios/5326.jpg,https://cemexalpunto.com/uploads/product_catalog/1750347985_34964d8314c0598d2631.jpg,2026-05-18T16:03:13.728729+00:00
5327,https://EliasCEMEX.github.io/cxal-rewards-images/premios/5327.jpg,https://cemexalpunto.com/uploads/product_catalog/1774642077_320574162f37a147c2a8.jpg,2026-05-18T16:03:14.891984+00:00
5331,https://EliasCEMEX.github.io/cxal-rewards-images/premios/5331.jpg,https://cemexalpunto.com/uploads/product_catalog/1750353728_5a2b1f63c0514844d1f7.jpg,2026-05-18T16:03:16.023833+00:00
5332,https://EliasCEMEX.github.io/cxal-rewards-images/premios/5332.jpg,https://cemexalpunto.com/uploads/product_catalog/1774642121_da1d4609db98c12d240c.jpg,2026-05-18T16:03:17.205306+00:00
5333,https://EliasCEMEX.github.io/cxal-rewards-images/premios/5333.jpg,https://cemexalpunto.com/uploads/product_catalog/1774642164_23da9ec0e777ed04b7b1.jpg,2026-05-18T16:03:18.253659+00:00
5334,https://EliasCEMEX.github.io/cxal-rewards-images/premios/5334.jpg,https://cemexalpunto.com/uploads/product_catalog/1750355057_74b153b7f334f88fee3e.jpg,2026-05-18T16:03:19.398018+00:00
5335,https://EliasCEMEX.github.io/cxal-rewards-images/premios/5335.jpg,https://cemexalpunto.com/uploads/product_catalog/1774642199_de4abaa13dfbc0b4ed46.jpg,2026-05-18T16:03:20.545097+00:00
5336,https://EliasCEMEX.github.io/cxal-rewards-images/premios/5336.jpg,https://cemexalpunto.com/uploads/product_catalog/1774642269_e8fc1c50f36d3424349b.jpg,2026-05-18T16:03:21.633216+00:00
5337,https://EliasCEMEX.github.io/cxal-rewards-images/premios/5337.jpg,https://cemexalpunto.com/uploads/product_catalog/1774900104_a349d4114c673e6176c2.jpg,2026-05-18T16:03:22.807959+00:00
5338,https://EliasCEMEX.github.io/cxal-rewards-images/premios/5338.jpg,https://cemexalpunto.com/uploads/product_catalog/1774642311_0a2b9fa095214c5a765e.jpg,2026-05-18T16:03:23.936789+00:00
5339,https://EliasCEMEX.github.io/cxal-rewards-images/premios/5339.jpg,https://cemexalpunto.com/uploads/product_catalog/1774642357_7b5d4f9b2986261196b1.jpg,2026-05-18T16:03:25.081873+00:00
5340,https://EliasCEMEX.github.io/cxal-rewards-images/premios/5340.jpg,https://cemexalpunto.com/uploads/product_catalog/1774642572_cc68c8bfd6ce3bd4ecec.jpg,2026-05-18T16:03:26.454797+00:00
5251,https://EliasCEMEX.github.io/cxal-rewards-images/premios/5251.jpg,https://cemexalpunto.com/uploads/product_catalog/1774642655_a4e09003521cded0f714.jpg,2026-05-18T16:03:28.567934+00:00
5254,https://EliasCEMEX.github.io/cxal-rewards-images/premios/5254.jpg,https://cemexalpunto.com/uploads/product_catalog/1774642704_935111df7a14f8767474.jpg,2026-05-18T16:03:29.787479+00:00
5297,https://EliasCEMEX.github.io/cxal-rewards-images/premios/5297.jpg,https://cemexalpunto.com/uploads/product_catalog/1774642750_25a54dc39d66759b26cc.jpg,2026-05-18T16:03:31.121600+00:00
5312,https://EliasCEMEX.github.io/cxal-rewards-images/premios/5312.jpg,https://cemexalpunto.com/uploads/product_catalog/1774642807_1c8bd13906be6ae9cec4.jpg,2026-05-18T16:03:32.237246+00:00
5313,https://EliasCEMEX.github.io/cxal-rewards-images/premios/5313.jpg,https://cemexalpunto.com/uploads/product_catalog/1774642879_aad762729a07c08f9e2d.jpg,2026-05-18T16:03:33.297435+00:00
5315,https://EliasCEMEX.github.io/cxal-rewards-images/premios/5315.jpg,https://cemexalpunto.com/uploads/product_catalog/1774900176_7f865ae2273611c3e711.jpg,2026-05-18T16:03:34.676615+00:00
5258,https://EliasCEMEX.github.io/cxal-rewards-images/premios/5258.jpg,https://cemexalpunto.com/uploads/product_catalog/1750701607_cd6ca3738d7db591a7fb.jpg,2026-05-18T16:03:35.857484+00:00
5350,https://EliasCEMEX.github.io/cxal-rewards-images/premios/5350.jpg,https://cemexalpunto.com/uploads/product_catalog/1774642936_d81a802a298fe4be19bf.jpg,2026-05-18T16:03:37.066671+00:00
5351,https://EliasCEMEX.github.io/cxal-rewards-images/premios/5351.jpg,https://cemexalpunto.com/uploads/product_catalog/1750699400_31c95c7778f5d91c119b.jpg,2026-05-18T16:03:38.350952+00:00
5352,https://EliasCEMEX.github.io/cxal-rewards-images/premios/5352.jpg,https://cemexalpunto.com/uploads/product_catalog/1750694338_83531d2b3ec9e983d9ed.jpg,2026-05-18T16:03:39.576119+00:00
5353,https://EliasCEMEX.github.io/cxal-rewards-images/premios/5353.jpg,https://cemexalpunto.com/uploads/product_catalog/1750693702_5b3b4a5ed9d6b5b543ed.jpg,2026-05-18T16:03:41.731947+00:00
5355,https://EliasCEMEX.github.io/cxal-rewards-images/premios/5355.jpg,https://cemexalpunto.com/uploads/product_catalog/1774643047_8bd56bfd3e89fc3590be.jpg,2026-05-18T16:03:42.937346+00:00
5356,https://EliasCEMEX.github.io/cxal-rewards-images/premios/5356.jpg,https://cemexalpunto.com/uploads/product_catalog/1774643100_4eb79a810ebbfa6e2238.jpg,2026-05-18T16:03:43.962605+00:00
5358,https://EliasCEMEX.github.io/cxal-rewards-images/premios/5358.jpg,https://cemexalpunto.com/uploads/product_catalog/1774643163_f7243719913e58576d8b.jpg,2026-05-18T16:03:45.177143+00:00
5359,https://EliasCEMEX.github.io/cxal-rewards-images/premios/5359.jpg,https://cemexalpunto.com/uploads/product_catalog/1774643375_56724409d1f7b65c8a34.jpg,2026-05-18T16:03:46.240433+00:00
5360,https://EliasCEMEX.github.io/cxal-rewards-images/premios/5360.jpg,https://cemexalpunto.com/uploads/product_catalog/1774643420_d647a8720cc864025f40.jpg,2026-05-18T16:03:47.392860+00:00
5391,https://EliasCEMEX.github.io/cxal-rewards-images/premios/5391.jpg,https://cemexalpunto.com/uploads/product_catalog/1774643458_f3b47905122a0a27ead1.jpg,2026-05-18T16:03:48.428987+00:00
5392,https://EliasCEMEX.github.io/cxal-rewards-images/premios/5392.jpg,https://cemexalpunto.com/uploads/product_catalog/1774643528_96ccd5f4f9e2fab7332d.jpg,2026-05-18T16:03:49.506394+00:00
5393,https://EliasCEMEX.github.io/cxal-rewards-images/premios/5393.jpg,https://cemexalpunto.com/uploads/product_catalog/1774643566_a2a0c525e93fd0f47b5b.jpg,2026-05-18T16:03:51.285783+00:00
5394,https://EliasCEMEX.github.io/cxal-rewards-images/premios/5394.jpg,https://cemexalpunto.com/uploads/product_catalog/1774643723_88814c1346de0a42e1b9.jpg,2026-05-18T16:03:53.305439+00:00
5395,https://EliasCEMEX.github.io/cxal-rewards-images/premios/5395.jpg,https://cemexalpunto.com/uploads/product_catalog/1774643762_815600775df665ae4667.jpg,2026-05-18T16:03:54.753170+00:00
5396,https://EliasCEMEX.github.io/cxal-rewards-images/premios/5396.jpg,https://cemexalpunto.com/uploads/product_catalog/1750447842_56458e0a81e4b9c4dc65.jpg,2026-05-18T16:03:56.417117+00:00
5397,https://EliasCEMEX.github.io/cxal-rewards-images/premios/5397.jpg,https://cemexalpunto.com/uploads/product_catalog/1750447607_cd4297b59f6456dee3a8.jpg,2026-05-18T16:03:57.862057+00:00
5398,https://EliasCEMEX.github.io/cxal-rewards-images/premios/5398.jpg,https://cemexalpunto.com/uploads/product_catalog/1774643803_6dace74dc1d281aebf2a.jpg,2026-05-18T16:03:59.029939+00:00
5399,https://EliasCEMEX.github.io/cxal-rewards-images/premios/5399.jpg,https://cemexalpunto.com/uploads/product_catalog/1750442439_8e072560c2fb546f2796.jpg,2026-05-18T16:04:00.171862+00:00
5460,https://EliasCEMEX.github.io/cxal-rewards-images/premios/5460.jpg,https://cemexalpunto.com/uploads/product_catalog/1774643851_a087440b171c4bc3c7eb.jpg,2026-05-18T16:04:01.327265+00:00
5462,https://EliasCEMEX.github.io/cxal-rewards-images/premios/5462.jpg,https://cemexalpunto.com/uploads/product_catalog/1774643884_d0443c45a5ff78329aef.jpg,2026-05-18T16:04:02.433817+00:00
5463,https://EliasCEMEX.github.io/cxal-rewards-images/premios/5463.jpg,https://cemexalpunto.com/uploads/product_catalog/1774643924_2879ce3d0a94a8c9c213.jpg,2026-05-18T16:04:03.628008+00:00
5464,https://EliasCEMEX.github.io/cxal-rewards-images/premios/5464.jpg,https://cemexalpunto.com/uploads/product_catalog/1774643973_5245939dc81f54a7a7f5.jpg,2026-05-18T16:04:04.751898+00:00
5465,https://EliasCEMEX.github.io/cxal-rewards-images/premios/5465.jpg,https://cemexalpunto.com/uploads/product_catalog/1774644011_f90351ef63d5cf9dd02a.jpg,2026-05-18T16:04:05.911267+00:00
5466,https://EliasCEMEX.github.io/cxal-rewards-images/premios/5466.jpg,https://cemexalpunto.com/uploads/product_catalog/1774644060_1979a3027a87868a080a.jpg,2026-05-18T16:04:06.917390+00:00
5450,https://EliasCEMEX.github.io/cxal-rewards-images/premios/5450.jpg,https://cemexalpunto.com/uploads/product_catalog/1750435807_496fe05e44a8e9c22fb2.jpg,2026-05-18T16:04:08.191845+00:00
5467,https://EliasCEMEX.github.io/cxal-rewards-images/premios/5467.jpg,https://cemexalpunto.com/uploads/product_catalog/1774644113_3898ca02a7c26e18cdf6.jpg,2026-05-18T16:04:09.466634+00:00
5468,https://EliasCEMEX.github.io/cxal-rewards-images/premios/5468.jpg,https://cemexalpunto.com/uploads/product_catalog/1774900225_089c3d14ec7761e54881.jpg,2026-05-18T16:04:10.758521+00:00
5469,https://EliasCEMEX.github.io/cxal-rewards-images/premios/5469.jpg,https://cemexalpunto.com/uploads/product_catalog/1774644159_8ef2e0709ee4ad953e46.jpg,2026-05-18T16:04:11.831147+00:00
5470,https://EliasCEMEX.github.io/cxal-rewards-images/premios/5470.jpg,https://cemexalpunto.com/uploads/product_catalog/1750347533_f1566a3ac4fbb931b4aa.jpg,2026-05-18T16:04:13.018422+00:00
5471,https://EliasCEMEX.github.io/cxal-rewards-images/premios/5471.jpg,https://cemexalpunto.com/uploads/product_catalog/1774644204_1363750ee2acb84ab330.jpg,2026-05-18T16:04:14.732395+00:00
5472,https://EliasCEMEX.github.io/cxal-rewards-images/premios/5472.jpg,https://cemexalpunto.com/uploads/product_catalog/1774644253_591a5cc97275598eda12.jpg,2026-05-18T16:04:16.747163+00:00
5475,https://EliasCEMEX.github.io/cxal-rewards-images/premios/5475.jpg,https://cemexalpunto.com/uploads/product_catalog/1774644300_3496b5d4921586d3a021.jpg,2026-05-18T16:04:18.084758+00:00
5474,https://EliasCEMEX.github.io/cxal-rewards-images/premios/5474.jpg,https://cemexalpunto.com/uploads/product_catalog/1774644761_5257a4f9732fd797e69a.jpg,2026-05-18T16:04:19.506311+00:00
5476,https://EliasCEMEX.github.io/cxal-rewards-images/premios/5476.jpg,https://cemexalpunto.com/uploads/product_catalog/1750343268_2b4ec3e632b83932eb78.jpg,2026-05-18T16:04:21.691491+00:00
5477,https://EliasCEMEX.github.io/cxal-rewards-images/premios/5477.jpg,https://cemexalpunto.com/uploads/product_catalog/1774644838_750140812c9d789098bc.jpg,2026-05-18T16:04:22.838814+00:00
5478,https://EliasCEMEX.github.io/cxal-rewards-images/premios/5478.jpg,https://cemexalpunto.com/uploads/product_catalog/1774631957_a8c9ec02ea0b81a8c447.png,2026-05-18T16:04:24.087957+00:00
5452,https://EliasCEMEX.github.io/cxal-rewards-images/premios/5452.jpg,https://cemexalpunto.com/uploads/product_catalog/1774644924_014aa93cb57c95450b64.jpg,2026-05-18T16:04:25.087387+00:00
5453,https://EliasCEMEX.github.io/cxal-rewards-images/premios/5453.jpg,https://cemexalpunto.com/uploads/product_catalog/1750276413_7b77fd622d29653ac794.jpg,2026-05-18T16:04:26.358978+00:00
5454,https://EliasCEMEX.github.io/cxal-rewards-images/premios/5454.jpg,https://cemexalpunto.com/uploads/product_catalog/1774644963_8b9312edc97b14119fdf.jpg,2026-05-18T16:04:27.501520+00:00
5456,https://EliasCEMEX.github.io/cxal-rewards-images/premios/5456.jpg,https://cemexalpunto.com/uploads/product_catalog/1774900281_fdcdfff9f900f5d19ed5.jpg,2026-05-18T16:04:28.580230+00:00
5455,https://EliasCEMEX.github.io/cxal-rewards-images/premios/5455.jpg,https://cemexalpunto.com/uploads/product_catalog/1774645031_40bf5ddad13e17441373.jpg,2026-05-18T16:04:29.762357+00:00
5457,https://EliasCEMEX.github.io/cxal-rewards-images/premios/5457.jpg,https://cemexalpunto.com/uploads/product_catalog/1774645139_0c3412af77310cb1f659.jpg,2026-05-18T16:04:30.814484+00:00
5458,https://EliasCEMEX.github.io/cxal-rewards-images/premios/5458.jpg,https://cemexalpunto.com/uploads/product_catalog/1774883336_22cf07e46ae914625763.jpg,2026-05-18T16:04:32.003551+00:00
5459,https://EliasCEMEX.github.io/cxal-rewards-images/premios/5459.jpg,https://cemexalpunto.com/uploads/product_catalog/1774883378_e8a1932b028343243e2e.jpg,2026-05-18T16:04:33.054138+00:00
5480,https://EliasCEMEX.github.io/cxal-rewards-images/premios/5480.jpg,https://cemexalpunto.com/uploads/product_catalog/1774883414_a9cef1bf4f63e0eb84f8.jpg,2026-05-18T16:04:34.116309+00:00
5481,https://EliasCEMEX.github.io/cxal-rewards-images/premios/5481.jpg,https://cemexalpunto.com/uploads/product_catalog/1750278861_b6c2b85ec76fc0d4bf9b.jpg,2026-05-18T16:04:35.250355+00:00
5482,https://EliasCEMEX.github.io/cxal-rewards-images/premios/5482.jpg,https://cemexalpunto.com/uploads/product_catalog/1774883457_0e133314deff79ab5f39.jpg,2026-05-18T16:04:36.464568+00:00
5483,https://EliasCEMEX.github.io/cxal-rewards-images/premios/5483.jpg,https://cemexalpunto.com/uploads/product_catalog/1774883538_62058a1ab978b1d89054.jpg,2026-05-18T16:04:37.578068+00:00
5484,https://EliasCEMEX.github.io/cxal-rewards-images/premios/5484.jpg,https://cemexalpunto.com/uploads/product_catalog/1774883706_c5a89f11a65d54446cae.jpg,2026-05-18T16:04:38.799324+00:00
5485,https://EliasCEMEX.github.io/cxal-rewards-images/premios/5485.jpg,https://cemexalpunto.com/uploads/product_catalog/1774883763_aebc7ae86a53cb738004.jpg,2026-05-18T16:04:39.867474+00:00
4795,https://EliasCEMEX.github.io/cxal-rewards-images/premios/4795.jpg,https://cemexalpunto.com/uploads/product_catalog/1774883799_400983b896dfc036d08f.jpg,2026-05-18T16:04:40.937296+00:00
5486,https://EliasCEMEX.github.io/cxal-rewards-images/premios/5486.jpg,https://cemexalpunto.com/uploads/product_catalog/1774900328_666ffdac5bc0937d07c5.jpg,2026-05-18T16:04:42.000513+00:00
5490,https://EliasCEMEX.github.io/cxal-rewards-images/premios/5490.jpg,https://cemexalpunto.com/uploads/product_catalog/1774883848_d8e256ffcce72a207d93.jpg,2026-05-18T16:04:43.310849+00:00
5491,https://EliasCEMEX.github.io/cxal-rewards-images/premios/5491.jpg,https://cemexalpunto.com/uploads/product_catalog/1774883899_ceeb95204a88d89a5877.jpg,2026-05-18T16:04:44.507255+00:00
5492,https://EliasCEMEX.github.io/cxal-rewards-images/premios/5492.jpg,https://cemexalpunto.com/uploads/product_catalog/1774884058_6eed6d2c434e650537d2.jpg,2026-05-18T16:04:45.768132+00:00
5493,https://EliasCEMEX.github.io/cxal-rewards-images/premios/5493.jpg,https://cemexalpunto.com/uploads/product_catalog/1774884110_52f1acf74b499ec05de7.jpg,2026-05-18T16:04:46.848863+00:00
5494,https://EliasCEMEX.github.io/cxal-rewards-images/premios/5494.jpg,https://cemexalpunto.com/uploads/product_catalog/1774884351_2a54431d642c1423aa08.png,2026-05-18T16:04:48.735105+00:00
5495,https://EliasCEMEX.github.io/cxal-rewards-images/premios/5495.jpg,https://cemexalpunto.com/uploads/product_catalog/1774884396_fb50127bb7cd0fe6475a.jpg,2026-05-18T16:04:49.953880+00:00
5496,https://EliasCEMEX.github.io/cxal-rewards-images/premios/5496.jpg,https://cemexalpunto.com/uploads/product_catalog/1774884433_0d7935237a02ca5e3775.jpg,2026-05-18T16:04:51.129341+00:00
5497,https://EliasCEMEX.github.io/cxal-rewards-images/premios/5497.jpg,https://cemexalpunto.com/uploads/product_catalog/1774900411_dd0635ce5bda2978c1b8.jpg,2026-05-18T16:04:52.318233+00:00
5498,https://EliasCEMEX.github.io/cxal-rewards-images/premios/5498.jpg,https://cemexalpunto.com/uploads/product_catalog/1774884586_78ebff2678ceb113ac6d.jpg,2026-05-18T16:04:53.449009+00:00
5499,https://EliasCEMEX.github.io/cxal-rewards-images/premios/5499.jpg,https://cemexalpunto.com/uploads/product_catalog/1750260571_802f07c10d0e4fec0f78.jpg,2026-05-18T16:04:54.955543+00:00
5500,https://EliasCEMEX.github.io/cxal-rewards-images/premios/5500.jpg,https://cemexalpunto.com/uploads/product_catalog/1750259858_009c812a7257d552d48a.jpg,2026-05-18T16:04:56.344983+00:00
5501,https://EliasCEMEX.github.io/cxal-rewards-images/premios/5501.jpg,https://cemexalpunto.com/uploads/product_catalog/1774884623_d896f64219b09b06b9a1.jpg,2026-05-18T16:04:57.626441+00:00
5502,https://EliasCEMEX.github.io/cxal-rewards-images/premios/5502.jpg,https://cemexalpunto.com/uploads/product_catalog/1774884666_6eba96d20c64127918f1.jpg,2026-05-18T16:04:58.973811+00:00
5503,https://EliasCEMEX.github.io/cxal-rewards-images/premios/5503.jpg,https://cemexalpunto.com/uploads/product_catalog/1774884730_fa4ca2207f3978af7cbb.jpg,2026-05-18T16:05:00.211580+00:00
5504,https://EliasCEMEX.github.io/cxal-rewards-images/premios/5504.jpg,https://cemexalpunto.com/uploads/product_catalog/1774884793_6e4891e8640494beb3fb.jpg,2026-05-18T16:05:01.606613+00:00
5505,https://EliasCEMEX.github.io/cxal-rewards-images/premios/5505.jpg,https://cemexalpunto.com/uploads/product_catalog/1750189560_fc54a423db9a48444f25.jpg,2026-05-18T16:05:02.807609+00:00
5506,https://EliasCEMEX.github.io/cxal-rewards-images/premios/5506.jpg,https://cemexalpunto.com/uploads/product_catalog/1774884821_b3ab9fafd12f6dd39cb0.jpg,2026-05-18T16:05:03.835248+00:00
5507,https://EliasCEMEX.github.io/cxal-rewards-images/premios/5507.jpg,https://cemexalpunto.com/uploads/product_catalog/1750189163_a3088455a6c10569d262.jpg,2026-05-18T16:05:05.187999+00:00
5508,https://EliasCEMEX.github.io/cxal-rewards-images/premios/5508.jpg,https://cemexalpunto.com/uploads/product_catalog/1750188633_662e7afdcf19b279a891.jpg,2026-05-18T16:05:06.545920+00:00
5509,https://EliasCEMEX.github.io/cxal-rewards-images/premios/5509.jpg,https://cemexalpunto.com/uploads/product_catalog/1774884884_62f205167c09b87f8094.jpg,2026-05-18T16:05:07.604866+00:00
5510,https://EliasCEMEX.github.io/cxal-rewards-images/premios/5510.jpg,https://cemexalpunto.com/uploads/product_catalog/1774884952_e1ab868074efccfced11.jpg,2026-05-18T16:05:08.663297+00:00
5511,https://EliasCEMEX.github.io/cxal-rewards-images/premios/5511.jpg,https://cemexalpunto.com/uploads/product_catalog/1774884991_aa0b35e0af30f1be7478.jpg,2026-05-18T16:05:09.835108+00:00
5512,https://EliasCEMEX.github.io/cxal-rewards-images/premios/5512.jpg,https://cemexalpunto.com/uploads/product_catalog/1774885064_73a8537b18d19e07e9fd.jpg,2026-05-18T16:05:10.832709+00:00
5514,https://EliasCEMEX.github.io/cxal-rewards-images/premios/5514.jpg,https://cemexalpunto.com/uploads/product_catalog/1774885111_f9930a88d9f65389b677.jpg,2026-05-18T16:05:11.896818+00:00
5515,https://EliasCEMEX.github.io/cxal-rewards-images/premios/5515.jpg,https://cemexalpunto.com/uploads/product_catalog/1774885161_196cecbdab57eee6bf30.jpg,2026-05-18T16:05:13.334356+00:00
5516,https://EliasCEMEX.github.io/cxal-rewards-images/premios/5516.jpg,https://cemexalpunto.com/uploads/product_catalog/1750183017_887fb5e3fe983db45dcc.jpg,2026-05-18T16:05:14.640060+00:00
5518,https://EliasCEMEX.github.io/cxal-rewards-images/premios/5518.jpg,https://cemexalpunto.com/uploads/product_catalog/1774885212_0780eca043c36c4a3f07.jpg,2026-05-18T16:05:15.877160+00:00
5519,https://EliasCEMEX.github.io/cxal-rewards-images/premios/5519.jpg,https://cemexalpunto.com/uploads/product_catalog/1774885300_62e82e75ce0a21f01dad.jpg,2026-05-18T16:05:17.073916+00:00
5520,https://EliasCEMEX.github.io/cxal-rewards-images/premios/5520.jpg,https://cemexalpunto.com/uploads/product_catalog/1750181349_e965a94869ba5d804e7d.jpg,2026-05-18T16:05:18.596437+00:00
5488,https://EliasCEMEX.github.io/cxal-rewards-images/premios/5488.jpg,https://cemexalpunto.com/uploads/product_catalog/1750181060_628e6a9ff5777d56aa3e.jpg,2026-05-18T16:05:19.912755+00:00
5489,https://EliasCEMEX.github.io/cxal-rewards-images/premios/5489.jpg,https://cemexalpunto.com/uploads/product_catalog/1774885338_989454459f85936c7a2a.jpg,2026-05-18T16:05:20.975849+00:00
5530,https://EliasCEMEX.github.io/cxal-rewards-images/premios/5530.jpg,https://cemexalpunto.com/uploads/product_catalog/1774885387_f88511e3124ca523b697.jpg,2026-05-18T16:05:21.983490+00:00
5531,https://EliasCEMEX.github.io/cxal-rewards-images/premios/5531.jpg,https://cemexalpunto.com/uploads/product_catalog/1750177996_26854afe4f6bc76c0703.jpg,2026-05-18T16:05:23.204808+00:00
5532,https://EliasCEMEX.github.io/cxal-rewards-images/premios/5532.jpg,https://cemexalpunto.com/uploads/product_catalog/1774885423_2611f91149cdb88ef7df.jpg,2026-05-18T16:05:24.274324+00:00
5533,https://EliasCEMEX.github.io/cxal-rewards-images/premios/5533.jpg,https://cemexalpunto.com/uploads/product_catalog/1774885483_26f12af9f56b407609e4.jpg,2026-05-18T16:05:25.376705+00:00
5534,https://EliasCEMEX.github.io/cxal-rewards-images/premios/5534.jpg,https://cemexalpunto.com/uploads/product_catalog/1750176664_e1e54af459cbe305b72a.jpg,2026-05-18T16:05:26.601596+00:00
5535,https://EliasCEMEX.github.io/cxal-rewards-images/premios/5535.jpg,https://cemexalpunto.com/uploads/product_catalog/1750174651_024326342fcc936822f9.jpg,2026-05-18T16:05:27.849307+00:00
5536,https://EliasCEMEX.github.io/cxal-rewards-images/premios/5536.jpg,https://cemexalpunto.com/uploads/product_catalog/1774885516_ed78195879cd105adefe.jpg,2026-05-18T16:05:29.196173+00:00
5537,https://EliasCEMEX.github.io/cxal-rewards-images/premios/5537.jpg,https://cemexalpunto.com/uploads/product_catalog/1774885569_f70862b5b74438ee3d9a.jpg,2026-05-18T16:05:30.333279+00:00
5538,https://EliasCEMEX.github.io/cxal-rewards-images/premios/5538.jpg,https://cemexalpunto.com/uploads/product_catalog/1774885631_446c36be0fd333509279.jpg,2026-05-18T16:05:31.569167+00:00
5539,https://EliasCEMEX.github.io/cxal-rewards-images/premios/5539.jpg,https://cemexalpunto.com/uploads/product_catalog/1750171367_ff230eb21fa10476dcca.jpg,2026-05-18T16:05:32.900102+00:00
5540,https://EliasCEMEX.github.io/cxal-rewards-images/premios/5540.jpg,https://cemexalpunto.com/uploads/product_catalog/1774885669_be18583e891b58e8932e.jpg,2026-05-18T16:05:34.057488+00:00
5541,https://EliasCEMEX.github.io/cxal-rewards-images/premios/5541.jpg,https://cemexalpunto.com/uploads/product_catalog/1750170839_20e10739082136e01196.jpg,2026-05-18T16:05:35.253873+00:00
5542,https://EliasCEMEX.github.io/cxal-rewards-images/premios/5542.jpg,https://cemexalpunto.com/uploads/product_catalog/1774885700_52e359858616092a21cf.jpg,2026-05-18T16:05:36.354640+00:00
5543,https://EliasCEMEX.github.io/cxal-rewards-images/premios/5543.jpg,https://cemexalpunto.com/uploads/product_catalog/1774885751_780e5982db34354e3be8.jpg,2026-05-18T16:05:37.456942+00:00
5544,https://EliasCEMEX.github.io/cxal-rewards-images/premios/5544.jpg,https://cemexalpunto.com/uploads/product_catalog/1774900458_cb0787575307055fdbcf.jpg,2026-05-18T16:05:38.670714+00:00
5545,https://EliasCEMEX.github.io/cxal-rewards-images/premios/5545.jpg,https://cemexalpunto.com/uploads/product_catalog/1750107446_f3d7745c6464b104be4f.jpg,2026-05-18T16:05:39.932140+00:00
5546,https://EliasCEMEX.github.io/cxal-rewards-images/premios/5546.jpg,https://cemexalpunto.com/uploads/product_catalog/1750107230_6a61264b4e21a19b7d24.jpg,2026-05-18T16:05:41.351617+00:00
5547,https://EliasCEMEX.github.io/cxal-rewards-images/premios/5547.jpg,https://cemexalpunto.com/uploads/product_catalog/1750107028_84b13d094e4ccda0ea7e.jpg,2026-05-18T16:05:42.689112+00:00
5548,https://EliasCEMEX.github.io/cxal-rewards-images/premios/5548.jpg,https://cemexalpunto.com/uploads/product_catalog/1774885802_b74d196380ac61e96d4c.jpg,2026-05-18T16:05:43.937505+00:00
5549,https://EliasCEMEX.github.io/cxal-rewards-images/premios/5549.jpg,https://cemexalpunto.com/uploads/product_catalog/1774885885_220ccf86e32083d383e4.jpg,2026-05-18T16:05:45.013034+00:00
5550,https://EliasCEMEX.github.io/cxal-rewards-images/premios/5550.jpg,https://cemexalpunto.com/uploads/product_catalog/1750102992_7477021565d11af9d3cc.jpg,2026-05-18T16:05:46.161511+00:00
5551,https://EliasCEMEX.github.io/cxal-rewards-images/premios/5551.jpg,https://cemexalpunto.com/uploads/product_catalog/1774885925_be1ec0859e0bf6aca340.jpg,2026-05-18T16:05:47.856707+00:00
5552,https://EliasCEMEX.github.io/cxal-rewards-images/premios/5552.jpg,https://cemexalpunto.com/uploads/product_catalog/1774885978_d6de3ca01e4ede2928a6.jpg,2026-05-18T16:05:49.026669+00:00
5553,https://EliasCEMEX.github.io/cxal-rewards-images/premios/5553.jpg,https://cemexalpunto.com/uploads/product_catalog/1774886061_93ef3e5eb9ca9cadeea4.jpg,2026-05-18T16:05:50.105111+00:00
5554,https://EliasCEMEX.github.io/cxal-rewards-images/premios/5554.jpg,https://cemexalpunto.com/uploads/product_catalog/1774886165_bf719c6c8b792f81c404.jpg,2026-05-18T16:05:51.248643+00:00
5555,https://EliasCEMEX.github.io/cxal-rewards-images/premios/5555.jpg,https://cemexalpunto.com/uploads/product_catalog/1774886262_bcae50e42f0f8ec7fb62.jpg,2026-05-18T16:05:52.329336+00:00
5556,https://EliasCEMEX.github.io/cxal-rewards-images/premios/5556.jpg,https://cemexalpunto.com/uploads/product_catalog/1774886308_4db18e84678961c7bc88.jpg,2026-05-18T16:05:53.377868+00:00
5557,https://EliasCEMEX.github.io/cxal-rewards-images/premios/5557.jpg,https://cemexalpunto.com/uploads/product_catalog/1774886384_28ce0f5b372aeebc040d.jpg,2026-05-18T16:05:54.429340+00:00
5558,https://EliasCEMEX.github.io/cxal-rewards-images/premios/5558.jpg,https://cemexalpunto.com/uploads/product_catalog/1774888323_f03c55f22029555468ad.jpg,2026-05-18T16:05:55.497530+00:00
5559,https://EliasCEMEX.github.io/cxal-rewards-images/premios/5559.jpg,https://cemexalpunto.com/uploads/product_catalog/1774888383_d9239de361a686201149.jpg,2026-05-18T16:05:56.674680+00:00
5560,https://EliasCEMEX.github.io/cxal-rewards-images/premios/5560.jpg,https://cemexalpunto.com/uploads/product_catalog/1774888568_67343dd795b159a87948.jpg,2026-05-18T16:05:57.823483+00:00
5561,https://EliasCEMEX.github.io/cxal-rewards-images/premios/5561.jpg,https://cemexalpunto.com/uploads/product_catalog/1774900538_1192a09c4c6ad9a9ea8b.jpg,2026-05-18T16:05:59.036114+00:00
5562,https://EliasCEMEX.github.io/cxal-rewards-images/premios/5562.jpg,https://cemexalpunto.com/uploads/product_catalog/1774888615_4d9999016befbbdf229c.jpg,2026-05-18T16:06:00.044111+00:00
5563,https://EliasCEMEX.github.io/cxal-rewards-images/premios/5563.jpg,https://cemexalpunto.com/uploads/product_catalog/1774888863_6547ea4b36b8ddf5a28c.jpg,2026-05-18T16:06:01.071664+00:00
5564,https://EliasCEMEX.github.io/cxal-rewards-images/premios/5564.jpg,https://cemexalpunto.com/uploads/product_catalog/1774888925_be6d88ae34cbeae66e9a.jpg,2026-05-18T16:06:02.142301+00:00
5565,https://EliasCEMEX.github.io/cxal-rewards-images/premios/5565.jpg,https://cemexalpunto.com/uploads/product_catalog/1774889077_df9596450c6b4c90a0ce.jpg,2026-05-18T16:06:03.257512+00:00
5566,https://EliasCEMEX.github.io/cxal-rewards-images/premios/5566.jpg,https://cemexalpunto.com/uploads/product_catalog/1774900591_fad0605c39e0b5a662e1.jpg,2026-05-18T16:06:04.452069+00:00
5567,https://EliasCEMEX.github.io/cxal-rewards-images/premios/5567.jpg,https://cemexalpunto.com/uploads/product_catalog/1774889118_96504264899afe984b68.jpg,2026-05-18T16:06:05.472934+00:00
5568,https://EliasCEMEX.github.io/cxal-rewards-images/premios/5568.jpg,https://cemexalpunto.com/uploads/product_catalog/1774894744_9e09107e5e9d0349159a.jpg,2026-05-18T16:06:06.631515+00:00
5570,https://EliasCEMEX.github.io/cxal-rewards-images/premios/5570.jpg,https://cemexalpunto.com/uploads/product_catalog/1749847951_8861c995dd3e1d7d9f93.jpg,2026-05-18T16:06:07.812477+00:00
5571,https://EliasCEMEX.github.io/cxal-rewards-images/premios/5571.jpg,https://cemexalpunto.com/uploads/product_catalog/1749847603_6b86e517ce2ba4f81d3d.jpg,2026-05-18T16:06:08.905230+00:00
5572,https://EliasCEMEX.github.io/cxal-rewards-images/premios/5572.jpg,https://cemexalpunto.com/uploads/product_catalog/1749847153_bf55a176392a8a7a3708.jpg,2026-05-18T16:06:10.220177+00:00
5521,https://EliasCEMEX.github.io/cxal-rewards-images/premios/5521.jpg,https://cemexalpunto.com/uploads/product_catalog/1774889159_9a1b3937a9e04b093a26.jpg,2026-05-18T16:06:11.351659+00:00
5522,https://EliasCEMEX.github.io/cxal-rewards-images/premios/5522.jpg,https://cemexalpunto.com/uploads/product_catalog/1774889207_edd5f99dd4dfbe12d849.jpg,2026-05-18T16:06:12.678330+00:00
5523,https://EliasCEMEX.github.io/cxal-rewards-images/premios/5523.jpg,https://cemexalpunto.com/uploads/product_catalog/1774908676_85fd928cfc46973d1c1f.jpg,2026-05-18T16:06:14.228990+00:00
5524,https://EliasCEMEX.github.io/cxal-rewards-images/premios/5524.jpg,https://cemexalpunto.com/uploads/product_catalog/1749838346_66c8b5000a755ef8b728.jpg,2026-05-18T16:06:15.713564+00:00
5525,https://EliasCEMEX.github.io/cxal-rewards-images/premios/5525.jpg,https://cemexalpunto.com/uploads/product_catalog/1749837847_5064a91a80601d320d1d.jpg,2026-05-18T16:06:17.519770+00:00
5526,https://EliasCEMEX.github.io/cxal-rewards-images/premios/5526.jpg,https://cemexalpunto.com/uploads/product_catalog/1774900697_01bc023a6178b4bebf40.jpg,2026-05-18T16:06:18.752868+00:00
5354,https://EliasCEMEX.github.io/cxal-rewards-images/premios/5354.jpg,https://cemexalpunto.com/uploads/product_catalog/1750704715_2fbd20802136ac3ced46.jpg,2026-05-18T16:06:20.186596+00:00
5050,https://EliasCEMEX.github.io/cxal-rewards-images/premios/5050.jpg,https://cemexalpunto.com/uploads/product_catalog/1751474155_722cdefdf9dd5bf3ddb1.png,2026-05-18T16:06:21.378709+00:00
5051,https://EliasCEMEX.github.io/cxal-rewards-images/premios/5051.jpg,https://cemexalpunto.com/uploads/product_catalog/1751474494_7043d3c6ea95c1df8fe7.png,2026-05-18T16:06:22.607287+00:00
35901,https://EliasCEMEX.github.io/cxal-rewards-images/premios/35901.jpg,https://cemexalpunto.com/uploads/product_catalog/1774889824_7deaed1a2702c6632ec0.jpg,2026-05-18T16:06:23.791227+00:00
5592,https://EliasCEMEX.github.io/cxal-rewards-images/premios/5592.jpg,https://cemexalpunto.com/uploads/product_catalog/1774890071_07f8b96bb2cfac5fa357.jpg,2026-05-18T16:06:25.087355+00:00
5610,https://EliasCEMEX.github.io/cxal-rewards-images/premios/5610.jpg,https://cemexalpunto.com/uploads/product_catalog/1753830825_be54c276a9110c5fadb7.jpg,2026-05-18T16:06:26.663776+00:00
5640,https://EliasCEMEX.github.io/cxal-rewards-images/premios/5640.jpg,https://cemexalpunto.com/uploads/product_catalog/1757434736_6c7f15e45589b1d1a24f.jpg,2026-05-18T16:06:27.863827+00:00
5626,https://EliasCEMEX.github.io/cxal-rewards-images/premios/5626.jpg,https://cemexalpunto.com/uploads/product_catalog/1757544657_922db9e94df358d5cd7e.jpg,2026-05-18T16:06:29.184139+00:00
5605,https://EliasCEMEX.github.io/cxal-rewards-images/premios/5605.jpg,https://cemexalpunto.com/uploads/product_catalog/1757544835_074b3c2128b702699fe4.jpg,2026-05-18T16:06:30.411439+00:00
5667,https://EliasCEMEX.github.io/cxal-rewards-images/premios/5667.jpg,https://cemexalpunto.com/uploads/product_catalog/1774890135_d0f5db682678de000b8e.jpg,2026-05-18T16:06:31.546235+00:00
5668,https://EliasCEMEX.github.io/cxal-rewards-images/premios/5668.jpg,https://cemexalpunto.com/uploads/product_catalog/dEabiPbCuLAY.jpg,2026-05-18T16:06:32.902279+00:00
5669,https://EliasCEMEX.github.io/cxal-rewards-images/premios/5669.jpg,https://cemexalpunto.com/uploads/product_catalog/D6NB74pBe5zH.jpg,2026-05-18T16:06:34.132421+00:00
5670,https://EliasCEMEX.github.io/cxal-rewards-images/premios/5670.jpg,https://cemexalpunto.com/uploads/product_catalog/1774890222_ab462dcf614b1e348bd0.jpg,2026-05-18T16:06:35.489549+00:00
5671,https://EliasCEMEX.github.io/cxal-rewards-images/premios/5671.jpg,https://cemexalpunto.com/uploads/product_catalog/1774890264_60f41bd4e2ff2e4a76c1.jpg,2026-05-18T16:06:36.791610+00:00
5673,https://EliasCEMEX.github.io/cxal-rewards-images/premios/5673.jpg,https://cemexalpunto.com/uploads/product_catalog/DAlq3HxFFBTg.jpg,2026-05-18T16:06:38.030411+00:00
4160,https://EliasCEMEX.github.io/cxal-rewards-images/premios/4160.jpg,https://cemexalpunto.com/uploads/product_catalog/64uNtqD0OQy5.jpg,2026-05-18T16:06:39.415926+00:00
5674,https://EliasCEMEX.github.io/cxal-rewards-images/premios/5674.jpg,https://cemexalpunto.com/uploads/product_catalog/PmyF2OeSfFKo.jpg,2026-05-18T16:06:40.593180+00:00
5675,https://EliasCEMEX.github.io/cxal-rewards-images/premios/5675.jpg,https://cemexalpunto.com/uploads/product_catalog/T9tFNh7SVOrI.jpg,2026-05-18T16:06:42.951897+00:00
5676,https://EliasCEMEX.github.io/cxal-rewards-images/premios/5676.jpg,https://cemexalpunto.com/uploads/product_catalog/VyRBIN9yF2iF.png,2026-05-18T16:06:45.008874+00:00
5677,https://EliasCEMEX.github.io/cxal-rewards-images/premios/5677.jpg,https://cemexalpunto.com/uploads/product_catalog/1774890334_7513fefff91526421a51.jpg,2026-05-18T16:06:46.285354+00:00
5678,https://EliasCEMEX.github.io/cxal-rewards-images/premios/5678.jpg,https://cemexalpunto.com/uploads/product_catalog/NyaNyQMi6w4U.jpg,2026-05-18T16:06:47.731235+00:00
5679,https://EliasCEMEX.github.io/cxal-rewards-images/premios/5679.jpg,https://cemexalpunto.com/uploads/product_catalog/1774890376_dd15074551ad48bb4a48.jpg,2026-05-18T16:06:48.819734+00:00
5680,https://EliasCEMEX.github.io/cxal-rewards-images/premios/5680.jpg,https://cemexalpunto.com/uploads/product_catalog/1774890421_eae1a11d1b4689862b9a.jpg,2026-05-18T16:06:49.905465+00:00
5681,https://EliasCEMEX.github.io/cxal-rewards-images/premios/5681.jpg,https://cemexalpunto.com/uploads/product_catalog/fpLsdqV99JTM.jpg,2026-05-18T16:06:51.056139+00:00
5652,https://EliasCEMEX.github.io/cxal-rewards-images/premios/5652.jpg,https://cemexalpunto.com/uploads/product_catalog/VKvFqOb1u7Sa.jpg,2026-05-18T16:06:52.243367+00:00
5653,https://EliasCEMEX.github.io/cxal-rewards-images/premios/5653.jpg,https://cemexalpunto.com/uploads/product_catalog/1774890467_c6ad115d33fb3cba1517.jpg,2026-05-18T16:06:53.296110+00:00
5149,https://EliasCEMEX.github.io/cxal-rewards-images/premios/5149.jpg,https://cemexalpunto.com/uploads/product_catalog/1774890652_a73426847898db38ccd9.jpg,2026-05-18T16:06:54.456106+00:00
5654,https://EliasCEMEX.github.io/cxal-rewards-images/premios/5654.jpg,https://cemexalpunto.com/uploads/product_catalog/1774890701_51b8c38180c2e311ca2f.jpg,2026-05-18T16:06:56.182295+00:00
5655,https://EliasCEMEX.github.io/cxal-rewards-images/premios/5655.jpg,https://cemexalpunto.com/uploads/product_catalog/1774890762_757de82031c667eea978.jpg,2026-05-18T16:06:57.444015+00:00
5656,https://EliasCEMEX.github.io/cxal-rewards-images/premios/5656.jpg,https://cemexalpunto.com/uploads/product_catalog/WIsE0dVCGYwV.jpg,2026-05-18T16:06:58.689286+00:00
5657,https://EliasCEMEX.github.io/cxal-rewards-images/premios/5657.jpg,https://cemexalpunto.com/uploads/product_catalog/1774890802_401d5b582ba1d574444e.jpg,2026-05-18T16:06:59.828501+00:00
5659,https://EliasCEMEX.github.io/cxal-rewards-images/premios/5659.jpg,https://cemexalpunto.com/uploads/product_catalog/1774890843_acf5e74771fca38747e6.jpg,2026-05-18T16:07:01.148081+00:00
5690,https://EliasCEMEX.github.io/cxal-rewards-images/premios/5690.jpg,https://cemexalpunto.com/uploads/product_catalog/1774900732_f97b2845a3e3e43e425c.jpg,2026-05-18T16:07:02.270895+00:00
5691,https://EliasCEMEX.github.io/cxal-rewards-images/premios/5691.jpg,https://cemexalpunto.com/uploads/product_catalog/1774890883_b46fffda1615b5c4a28e.jpg,2026-05-18T16:07:03.521326+00:00
5692,https://EliasCEMEX.github.io/cxal-rewards-images/premios/5692.jpg,https://cemexalpunto.com/uploads/product_catalog/tcjWkC276BBH.jpg,2026-05-18T16:07:04.621035+00:00
5693,https://EliasCEMEX.github.io/cxal-rewards-images/premios/5693.jpg,https://cemexalpunto.com/uploads/product_catalog/1774890948_ea1ef90b3c3f76531b10.jpg,2026-05-18T16:07:05.809786+00:00
5666,https://EliasCEMEX.github.io/cxal-rewards-images/premios/5666.jpg,https://cemexalpunto.com/uploads/product_catalog/1774891160_dc9bda56f140ed417b61.jpg,2026-05-18T16:07:06.902544+00:00
5672,https://EliasCEMEX.github.io/cxal-rewards-images/premios/5672.jpg,https://cemexalpunto.com/uploads/product_catalog/1759336207_6f83aa655b6afa8ce678.jpg,2026-05-18T16:07:08.287157+00:00
5644,https://EliasCEMEX.github.io/cxal-rewards-images/premios/5644.jpg,https://cemexalpunto.com/uploads/product_catalog/1774891208_1803024813f14694435e.jpg,2026-05-18T16:07:09.349966+00:00
5646,https://EliasCEMEX.github.io/cxal-rewards-images/premios/5646.jpg,https://cemexalpunto.com/uploads/product_catalog/1774900957_387d852b3c16509dd438.jpg,2026-05-18T16:07:10.393340+00:00
5645,https://EliasCEMEX.github.io/cxal-rewards-images/premios/5645.jpg,https://cemexalpunto.com/uploads/product_catalog/1774891254_6fe0dd5f21cbec1fe84a.jpg,2026-05-18T16:07:11.548922+00:00
5697,https://EliasCEMEX.github.io/cxal-rewards-images/premios/5697.jpg,https://cemexalpunto.com/uploads/product_catalog/1759781866_b879efc2cc5f9cf2f03f.png,2026-05-18T16:07:13.057432+00:00
5650,https://EliasCEMEX.github.io/cxal-rewards-images/premios/5650.jpg,https://cemexalpunto.com/uploads/product_catalog/1774891388_9cb7b930aac1879b747f.jpg,2026-05-18T16:07:14.082691+00:00
5651,https://EliasCEMEX.github.io/cxal-rewards-images/premios/5651.jpg,https://cemexalpunto.com/uploads/product_catalog/1774891544_ae409612881dc00612fd.jpg,2026-05-18T16:07:15.148121+00:00
5632,https://EliasCEMEX.github.io/cxal-rewards-images/premios/5632.jpg,https://cemexalpunto.com/uploads/product_catalog/8LMmpNpeczKP.jpg,2026-05-18T16:07:16.198692+00:00
5634,https://EliasCEMEX.github.io/cxal-rewards-images/premios/5634.jpg,https://cemexalpunto.com/uploads/product_catalog/1774891713_634bbf77cda616837bcd.jpg,2026-05-18T16:07:17.261132+00:00
5637,https://EliasCEMEX.github.io/cxal-rewards-images/premios/5637.jpg,https://cemexalpunto.com/uploads/product_catalog/KQlXptnJAvtj.jpg,2026-05-18T16:07:18.262354+00:00
5638,https://EliasCEMEX.github.io/cxal-rewards-images/premios/5638.jpg,https://cemexalpunto.com/uploads/product_catalog/1774892203_b29ee3416be251a01146.jpg,2026-05-18T16:07:19.358748+00:00
5181,https://EliasCEMEX.github.io/cxal-rewards-images/premios/5181.jpg,https://cemexalpunto.com/uploads/product_catalog/MlXDHSbpV2bg.jpg,2026-05-18T16:07:20.611312+00:00
5661,https://EliasCEMEX.github.io/cxal-rewards-images/premios/5661.jpg,https://cemexalpunto.com/uploads/product_catalog/4FuCh2WxFPpZ.jpg,2026-05-18T16:07:21.763570+00:00
5663,https://EliasCEMEX.github.io/cxal-rewards-images/premios/5663.jpg,https://cemexalpunto.com/uploads/product_catalog/iHvUGr3Y26KS.jpg,2026-05-18T16:07:22.863973+00:00
5664,https://EliasCEMEX.github.io/cxal-rewards-images/premios/5664.jpg,https://cemexalpunto.com/uploads/product_catalog/VgSrTmuzCkrr.jpg,2026-05-18T16:07:24.143251+00:00
5665,https://EliasCEMEX.github.io/cxal-rewards-images/premios/5665.jpg,https://cemexalpunto.com/uploads/product_catalog/1774892341_d958b22e19146e69257f.jpg,2026-05-18T16:07:25.236283+00:00
5707,https://EliasCEMEX.github.io/cxal-rewards-images/premios/5707.jpg,https://cemexalpunto.com/uploads/product_catalog/bYtm5Ibm031y.jpg,2026-05-18T16:07:26.340237+00:00
5706,https://EliasCEMEX.github.io/cxal-rewards-images/premios/5706.jpg,https://cemexalpunto.com/uploads/product_catalog/Eg3neNCF4ktA.jpg,2026-05-18T16:07:27.368177+00:00
5705,https://EliasCEMEX.github.io/cxal-rewards-images/premios/5705.jpg,https://cemexalpunto.com/uploads/product_catalog/oYqrqE78QFhl.jpg,2026-05-18T16:07:28.427903+00:00
5614,https://EliasCEMEX.github.io/cxal-rewards-images/premios/5614.jpg,https://cemexalpunto.com/uploads/product_catalog/1774892577_e32884a9ac219178e621.jpg,2026-05-18T16:07:29.647436+00:00
5615,https://EliasCEMEX.github.io/cxal-rewards-images/premios/5615.jpg,https://cemexalpunto.com/uploads/product_catalog/1774892619_f4122e57080dac01d20e.jpg,2026-05-18T16:07:30.690589+00:00
5616,https://EliasCEMEX.github.io/cxal-rewards-images/premios/5616.jpg,https://cemexalpunto.com/uploads/product_catalog/1774892669_2be9a45faf47e867b460.jpg,2026-05-18T16:07:31.755693+00:00
5617,https://EliasCEMEX.github.io/cxal-rewards-images/premios/5617.jpg,https://cemexalpunto.com/uploads/product_catalog/1774892735_4e6caa053b1240a4c74c.jpg,2026-05-18T16:07:32.800692+00:00
5618,https://EliasCEMEX.github.io/cxal-rewards-images/premios/5618.jpg,https://cemexalpunto.com/uploads/product_catalog/1774892776_15c3a1f2a3728b11cedd.jpg,2026-05-18T16:07:33.851062+00:00
5619,https://EliasCEMEX.github.io/cxal-rewards-images/premios/5619.jpg,https://cemexalpunto.com/uploads/product_catalog/1774892919_9095a48daebef1e9ddae.jpg,2026-05-18T16:07:34.959905+00:00
5720,https://EliasCEMEX.github.io/cxal-rewards-images/premios/5720.jpg,https://cemexalpunto.com/uploads/product_catalog/1774892966_edb6692d98624ce27ae4.jpg,2026-05-18T16:07:36.071122+00:00
5721,https://EliasCEMEX.github.io/cxal-rewards-images/premios/5721.jpg,https://cemexalpunto.com/uploads/product_catalog/1774893043_eda68e8d2f2fa06a86e7.jpg,2026-05-18T16:07:37.294343+00:00
5662,https://EliasCEMEX.github.io/cxal-rewards-images/premios/5662.jpg,https://cemexalpunto.com/uploads/product_catalog/1774893143_f90e98191180d86e7863.jpg,2026-05-18T16:07:38.434137+00:00
5708,https://EliasCEMEX.github.io/cxal-rewards-images/premios/5708.jpg,https://cemexalpunto.com/uploads/product_catalog/1774894265_540606aeec5ec9247466.jpg,2026-05-18T16:07:39.662715+00:00
5709,https://EliasCEMEX.github.io/cxal-rewards-images/premios/5709.jpg,https://cemexalpunto.com/uploads/product_catalog/1774894401_7819525ac4bccc3c9524.jpg,2026-05-18T16:07:40.674655+00:00
5710,https://EliasCEMEX.github.io/cxal-rewards-images/premios/5710.jpg,https://cemexalpunto.com/uploads/product_catalog/pQfEvgCbGwUG.jpg,2026-05-18T16:07:42.037168+00:00
4981,https://EliasCEMEX.github.io/cxal-rewards-images/premios/4981.jpg,https://cemexalpunto.com/uploads/product_catalog/1769803098_ff8d252a6cc9145841b0.jpg,2026-05-18T16:07:43.399415+00:00
5741,https://EliasCEMEX.github.io/cxal-rewards-images/premios/5741.jpg,https://cemexalpunto.com/uploads/product_catalog/1772118776_023c237ed825cb92289d.jpg,2026-05-18T16:07:44.554134+00:00
5742,https://EliasCEMEX.github.io/cxal-rewards-images/premios/5742.jpg,https://cemexalpunto.com/uploads/product_catalog/1772118838_57f7d9128de1a79e9257.jpg,2026-05-18T16:07:45.717466+00:00
5743,https://EliasCEMEX.github.io/cxal-rewards-images/premios/5743.jpg,https://cemexalpunto.com/uploads/product_catalog/1772118909_111ad1a2e4738654d481.jpg,2026-05-18T16:07:46.879470+00:00
5754,https://EliasCEMEX.github.io/cxal-rewards-images/premios/5754.jpg,https://cemexalpunto.com/uploads/product_catalog/1772464431_8924c0ca27fa3c5addc8.png,2026-05-18T16:07:48.620082+00:00
5755,https://EliasCEMEX.github.io/cxal-rewards-images/premios/5755.jpg,https://cemexalpunto.com/uploads/product_catalog/1772465533_c0924a96875101b35e6c.png,2026-05-18T16:07:50.567643+00:00
5756,https://EliasCEMEX.github.io/cxal-rewards-images/premios/5756.jpg,https://cemexalpunto.com/uploads/product_catalog/1772465850_9c5a459112616b644af3.png,2026-05-18T16:07:51.818052+00:00
5781,https://EliasCEMEX.github.io/cxal-rewards-images/premios/5781.jpg,https://cemexalpunto.com/uploads/product_catalog/1772469650_1a2000995238faeeada8.png,2026-05-18T16:07:53.148336+00:00
5781-01,https://EliasCEMEX.github.io/cxal-rewards-images/premios/5781-01.jpg,https://cemexalpunto.com/uploads/product_catalog/1772469792_7e4c7bd1d97a09aaa297.png,2026-05-18T16:07:54.488280+00:00
5759,https://EliasCEMEX.github.io/cxal-rewards-images/premios/5759.jpg,https://cemexalpunto.com/uploads/product_catalog/1772471026_2b0cfe291387dce5492f.png,2026-05-18T16:07:55.763975+00:00
5770,https://EliasCEMEX.github.io/cxal-rewards-images/premios/5770.jpg,https://cemexalpunto.com/uploads/product_catalog/1772471324_70c64c5b7327155da91c.png,2026-05-18T16:07:57.130530+00:00
5752-01,https://EliasCEMEX.github.io/cxal-rewards-images/premios/5752-01.jpg,https://cemexalpunto.com/uploads/product_catalog/1772472062_3b10934a774c55f26604.png,2026-05-18T16:07:58.304381+00:00
5752-02,https://EliasCEMEX.github.io/cxal-rewards-images/premios/5752-02.jpg,https://cemexalpunto.com/uploads/product_catalog/1772472242_90af02ef84a85c6370eb.png,2026-05-18T16:07:59.421311+00:00
5753,https://EliasCEMEX.github.io/cxal-rewards-images/premios/5753.jpg,https://cemexalpunto.com/uploads/product_catalog/1772472745_16f686e8f18b74529fbc.png,2026-05-18T16:08:00.924820+00:00
5771,https://EliasCEMEX.github.io/cxal-rewards-images/premios/5771.jpg,https://cemexalpunto.com/uploads/product_catalog/1772478137_3c63989ea9da8f539fe8.png,2026-05-18T16:08:02.178992+00:00
5752-05,https://EliasCEMEX.github.io/cxal-rewards-images/premios/5752-05.jpg,https://cemexalpunto.com/uploads/product_catalog/1772727367_d25c76ec1f66c81791d3.png,2026-05-18T16:08:03.374807+00:00
5752-06,https://EliasCEMEX.github.io/cxal-rewards-images/premios/5752-06.jpg,https://cemexalpunto.com/uploads/product_catalog/1772727506_f2e43180ca2c50d052ad.png,2026-05-18T16:08:04.595182+00:00
5753-01,https://EliasCEMEX.github.io/cxal-rewards-images/premios/5753-01.jpg,https://cemexalpunto.com/uploads/product_catalog/1772728428_29d9301f649c1de23925.png,2026-05-18T16:08:05.939142+00:00
5757-17,https://EliasCEMEX.github.io/cxal-rewards-images/premios/5757-17.jpg,https://cemexalpunto.com/uploads/product_catalog/1772729227_b22b9c0a050bee5c1e62.png,2026-05-18T16:08:07.273015+00:00
5771-01,https://EliasCEMEX.github.io/cxal-rewards-images/premios/5771-01.jpg,https://cemexalpunto.com/uploads/product_catalog/1772730259_206e2266c698265e112e.png,2026-05-18T16:08:08.503998+00:00
5757-01,https://EliasCEMEX.github.io/cxal-rewards-images/premios/5757-01.jpg,https://cemexalpunto.com/uploads/product_catalog/1772730948_008926e38ebd4f412448.png,2026-05-18T16:08:09.724743+00:00
5757-02,https://EliasCEMEX.github.io/cxal-rewards-images/premios/5757-02.jpg,https://cemexalpunto.com/uploads/product_catalog/1772731152_87b93aadec6b8423fb25.png,2026-05-18T16:08:11.127395+00:00
5757-03,https://EliasCEMEX.github.io/cxal-rewards-images/premios/5757-03.jpg,https://cemexalpunto.com/uploads/product_catalog/1772731455_f86108a3b2948c9647c8.png,2026-05-18T16:08:12.383918+00:00
5757-08,https://EliasCEMEX.github.io/cxal-rewards-images/premios/5757-08.jpg,https://cemexalpunto.com/uploads/product_catalog/1772732664_08727f660e72b09e60f6.png,2026-05-18T16:08:13.590118+00:00
5757-09,https://EliasCEMEX.github.io/cxal-rewards-images/premios/5757-09.jpg,https://cemexalpunto.com/uploads/product_catalog/1772732813_8f59a6680bf87e87a660.png,2026-05-18T16:08:15.047999+00:00
5773,https://EliasCEMEX.github.io/cxal-rewards-images/premios/5773.jpg,https://cemexalpunto.com/uploads/product_catalog/1773242881_b336baaa4ee898437466.png,2026-05-18T16:08:16.173821+00:00
5774,https://EliasCEMEX.github.io/cxal-rewards-images/premios/5774.jpg,https://cemexalpunto.com/uploads/product_catalog/1773243530_6f486a7f98dd8cba7e21.png,2026-05-18T16:08:17.439995+00:00
5775,https://EliasCEMEX.github.io/cxal-rewards-images/premios/5775.jpg,https://cemexalpunto.com/uploads/product_catalog/1773243748_f248beb5d45d07899cfc.png,2026-05-18T16:08:18.662049+00:00
5757-05,https://EliasCEMEX.github.io/cxal-rewards-images/premios/5757-05.jpg,https://cemexalpunto.com/uploads/product_catalog/1773256855_d5bc01d9def6b4adb423.png,2026-05-18T16:08:20.045616+00:00
5790,https://EliasCEMEX.github.io/cxal-rewards-images/premios/5790.jpg,https://cemexalpunto.com/uploads/product_catalog/1773269400_b3e224a0c7ad3e23bfbd.jpg,2026-05-18T16:08:21.125221+00:00
5752-09,https://EliasCEMEX.github.io/cxal-rewards-images/premios/5752-09.jpg,https://cemexalpunto.com/uploads/product_catalog/1774285082_ab68ea626e906e66bc3b.png,2026-05-18T16:08:22.291765+00:00
5752-13,https://EliasCEMEX.github.io/cxal-rewards-images/premios/5752-13.jpg,https://cemexalpunto.com/uploads/product_catalog/1774285702_cf650de578399f35a6eb.png,2026-05-18T16:08:23.481272+00:00
5752-14,https://EliasCEMEX.github.io/cxal-rewards-images/premios/5752-14.jpg,https://cemexalpunto.com/uploads/product_catalog/1774285818_a289c7d38d21712e94eb.png,2026-05-18T16:08:24.816958+00:00
5752-17,https://EliasCEMEX.github.io/cxal-rewards-images/premios/5752-17.jpg,https://cemexalpunto.com/uploads/product_catalog/1774286838_8de3394804ee3924a567.png,2026-05-18T16:08:26.000010+00:00
5752-18,https://EliasCEMEX.github.io/cxal-rewards-images/premios/5752-18.jpg,https://cemexalpunto.com/uploads/product_catalog/1774286940_092e29229013df12e62d.png,2026-05-18T16:08:27.280326+00:00
5752-20,https://EliasCEMEX.github.io/cxal-rewards-images/premios/5752-20.jpg,https://cemexalpunto.com/uploads/product_catalog/1774287671_96d9820a071b6530fb7e.png,2026-05-18T16:08:28.682005+00:00
5752-21,https://EliasCEMEX.github.io/cxal-rewards-images/premios/5752-21.jpg,https://cemexalpunto.com/uploads/product_catalog/1774287966_37e5a97386bc16765c87.png,2026-05-18T16:08:29.946951+00:00
5752-22,https://EliasCEMEX.github.io/cxal-rewards-images/premios/5752-22.jpg,https://cemexalpunto.com/uploads/product_catalog/1774288321_0f7aba87d94c0c7cdabd.png,2026-05-18T16:08:31.084312+00:00
5752-23,https://EliasCEMEX.github.io/cxal-rewards-images/premios/5752-23.jpg,https://cemexalpunto.com/uploads/product_catalog/1774288442_6d43fdcacea9fcaeac92.png,2026-05-18T16:08:32.330555+00:00
5771-02,https://EliasCEMEX.github.io/cxal-rewards-images/premios/5771-02.jpg,https://cemexalpunto.com/uploads/product_catalog/1774288778_6a75cac6770beaa99d38.png,2026-05-18T16:08:33.576495+00:00
5771-03,https://EliasCEMEX.github.io/cxal-rewards-images/premios/5771-03.jpg,https://cemexalpunto.com/uploads/product_catalog/1774288929_5301e22175c0f2bb9383.png,2026-05-18T16:08:35.176091+00:00
5771-04,https://EliasCEMEX.github.io/cxal-rewards-images/premios/5771-04.jpg,https://cemexalpunto.com/uploads/product_catalog/1774289093_809050ff1f1e73e7c879.png,2026-05-18T16:08:36.683840+00:00
5771-05,https://EliasCEMEX.github.io/cxal-rewards-images/premios/5771-05.jpg,https://cemexalpunto.com/uploads/product_catalog/1774289279_69c853df486ddd8dd078.png,2026-05-18T16:08:38.610037+00:00
5771-06,https://EliasCEMEX.github.io/cxal-rewards-images/premios/5771-06.jpg,https://cemexalpunto.com/uploads/product_catalog/1774289496_b960c981f461adcdf60b.png,2026-05-18T16:08:40.283467+00:00
5753-03,https://EliasCEMEX.github.io/cxal-rewards-images/premios/5753-03.jpg,https://cemexalpunto.com/uploads/product_catalog/1774292997_3bf97a8d8b6f264738e4.png,2026-05-18T16:08:42.409834+00:00
5753-04,https://EliasCEMEX.github.io/cxal-rewards-images/premios/5753-04.jpg,https://cemexalpunto.com/uploads/product_catalog/1774293181_75436534d7fed5ee6f5a.png,2026-05-18T16:08:44.039557+00:00
5753-05,https://EliasCEMEX.github.io/cxal-rewards-images/premios/5753-05.jpg,https://cemexalpunto.com/uploads/product_catalog/1774293331_8dafdfc6adb8d5b6818e.png,2026-05-18T16:08:45.534878+00:00
5791,https://EliasCEMEX.github.io/cxal-rewards-images/premios/5791.jpg,https://cemexalpunto.com/uploads/product_catalog/1774888900_ff36b43daef6db1d6f25.png,2026-05-18T16:08:51.093243+00:00
5792,https://EliasCEMEX.github.io/cxal-rewards-images/premios/5792.jpg,https://cemexalpunto.com/uploads/product_catalog/1774889008_2fd268fb379752e5453f.png,2026-05-18T16:08:52.501980+00:00
5793,https://EliasCEMEX.github.io/cxal-rewards-images/premios/5793.jpg,https://cemexalpunto.com/uploads/product_catalog/1774889200_5ac7712fd780f0d6c151.png,2026-05-18T16:08:53.912605+00:00
5794,https://EliasCEMEX.github.io/cxal-rewards-images/premios/5794.jpg,https://cemexalpunto.com/uploads/product_catalog/1774889331_8b1fe3f0144fa4d6612c.png,2026-05-18T16:08:55.186649+00:00
5795,https://EliasCEMEX.github.io/cxal-rewards-images/premios/5795.jpg,https://cemexalpunto.com/uploads/product_catalog/1774890179_34590475716ffdf92c97.png,2026-05-18T16:08:56.778009+00:00
5796,https://EliasCEMEX.github.io/cxal-rewards-images/premios/5796.jpg,https://cemexalpunto.com/uploads/product_catalog/1774890336_3131636fed76b3fdc816.png,2026-05-18T16:08:58.101466+00:00
5797,https://EliasCEMEX.github.io/cxal-rewards-images/premios/5797.jpg,https://cemexalpunto.com/uploads/product_catalog/1774890491_f5e0495c070454daab6b.png,2026-05-18T16:08:59.477208+00:00
5798,https://EliasCEMEX.github.io/cxal-rewards-images/premios/5798.jpg,https://cemexalpunto.com/uploads/product_catalog/1774890810_f5689e8b842e066e14e9.png,2026-05-18T16:09:01.241928+00:00
5810,https://EliasCEMEX.github.io/cxal-rewards-images/premios/5810.jpg,https://cemexalpunto.com/uploads/product_catalog/1775002973_8548025bd6e04558ae60.png,2026-05-18T16:09:02.524534+00:00
5811,https://EliasCEMEX.github.io/cxal-rewards-images/premios/5811.jpg,https://cemexalpunto.com/uploads/product_catalog/1775003076_9d00ae37c6c5991c7736.png,2026-05-18T16:09:03.985072+00:00
5813,https://EliasCEMEX.github.io/cxal-rewards-images/premios/5813.jpg,https://cemexalpunto.com/uploads/product_catalog/1775003166_697da74566a0f296e0f2.png,2026-05-18T16:09:05.289635+00:00
5821,https://EliasCEMEX.github.io/cxal-rewards-images/premios/5821.jpg,https://cemexalpunto.com/uploads/product_catalog/1775759882_8737c9b0601683d0b615.png,2026-05-18T16:09:06.828509+00:00
5821-01,https://EliasCEMEX.github.io/cxal-rewards-images/premios/5821-01.jpg,https://cemexalpunto.com/uploads/product_catalog/1775759978_f15909f68b782cb42756.png,2026-05-18T16:09:08.570731+00:00
5822,https://EliasCEMEX.github.io/cxal-rewards-images/premios/5822.jpg,https://cemexalpunto.com/uploads/product_catalog/1775760112_48ad05fd6caf42627f2b.png,2026-05-18T16:09:09.994694+00:00
5822-01,https://EliasCEMEX.github.io/cxal-rewards-images/premios/5822-01.jpg,https://cemexalpunto.com/uploads/product_catalog/1775760339_d20968a7d3b1cf4b2939.png,2026-05-18T16:09:11.358079+00:00
5823,https://EliasCEMEX.github.io/cxal-rewards-images/premios/5823.jpg,https://cemexalpunto.com/uploads/product_catalog/1775760489_c7db04203af6385d327f.png,2026-05-18T16:09:13.172310+00:00
5823-01,https://EliasCEMEX.github.io/cxal-rewards-images/premios/5823-01.jpg,https://cemexalpunto.com/uploads/product_catalog/1775760617_e73f65e16f343a77e145.png,2026-05-18T16:09:14.565171+00:00
5824,https://EliasCEMEX.github.io/cxal-rewards-images/premios/5824.jpg,https://cemexalpunto.com/uploads/product_catalog/1775760876_170a574591fb3728e25b.png,2026-05-18T16:09:16.619311+00:00
5824-01,https://EliasCEMEX.github.io/cxal-rewards-images/premios/5824-01.jpg,https://cemexalpunto.com/uploads/product_catalog/1775760977_18f2ee369d4033b52efa.png,2026-05-18T16:09:18.509741+00:00
5830,https://EliasCEMEX.github.io/cxal-rewards-images/premios/5830.jpg,https://cemexalpunto.com/uploads/product_catalog/1775839310_bc8e1b158615f259cb31.png,2026-05-18T16:09:20.089111+00:00
5830-01,https://EliasCEMEX.github.io/cxal-rewards-images/premios/5830-01.jpg,https://cemexalpunto.com/uploads/product_catalog/1775839404_8cd8c44f1bfe28cdb603.png,2026-05-18T16:09:21.454346+00:00
5825,https://EliasCEMEX.github.io/cxal-rewards-images/premios/5825.jpg,https://cemexalpunto.com/uploads/product_catalog/1776364467_2e90e9ff2a249ef6eab6.png,2026-05-18T16:09:22.834743+00:00
5826,https://EliasCEMEX.github.io/cxal-rewards-images/premios/5826.jpg,https://cemexalpunto.com/uploads/product_catalog/1776371140_e1697f9da77519780ceb.png,2026-05-18T16:09:24.120610+00:00
5827,https://EliasCEMEX.github.io/cxal-rewards-images/premios/5827.jpg,https://cemexalpunto.com/uploads/product_catalog/1776371346_6416c7e629b52734f6e8.png,2026-05-18T16:09:25.383486+00:00
5803,https://EliasCEMEX.github.io/cxal-rewards-images/premios/5803.jpg,https://cemexalpunto.com/uploads/product_catalog/1776456655_db0076b4157d17ab27fa.png,2026-05-18T16:09:26.701191+00:00
5753-06,https://EliasCEMEX.github.io/cxal-rewards-images/premios/5753-06.jpg,https://cemexalpunto.com/uploads/product_catalog/1776880970_2f232e96501a2142dc9a.png,2026-05-18T16:09:28.307924+00:00
5850,https://EliasCEMEX.github.io/cxal-rewards-images/premios/5850.jpg,https://cemexalpunto.com/uploads/product_catalog/1777485261_6befdd17c4a2d4be1c15.png,2026-05-18T16:09:29.924220+00:00
5805,https://EliasCEMEX.github.io/cxal-rewards-images/premios/5805.jpg,https://cemexalpunto.com/uploads/product_catalog/1778514303_7ea87de86453bb6975fd.jpg,2026-05-18T16:09:31.053237+00:00
5806,https://EliasCEMEX.github.io/cxal-rewards-images/premios/5806.jpg,https://cemexalpunto.com/uploads/product_catalog/1778515623_092725c874ad7f184d5e.jpg,2026-05-18T16:09:32.155021+00:00
5807,https://EliasCEMEX.github.io/cxal-rewards-images/premios/5807.jpg,https://cemexalpunto.com/uploads/product_catalog/1778516934_1c1d6f392f272738da22.jpg,2026-05-18T16:09:33.457766+00:00
5808,https://EliasCEMEX.github.io/cxal-rewards-images/premios/5808.jpg,https://cemexalpunto.com/uploads/product_catalog/1778517266_a4ca352f5327f00b22e8.jpg,2026-05-18T16:09:34.597220+00:00
5809,https://EliasCEMEX.github.io/cxal-rewards-images/premios/5809.jpg,https://cemexalpunto.com/uploads/product_catalog/1778518207_60314477f4bd63ef2690.jpg,2026-05-18T16:09:35.804129+00:00
5860,https://EliasCEMEX.github.io/cxal-rewards-images/premios/5860.jpg,https://cemexalpunto.com/uploads/product_catalog/1778518850_f76bfc85feb5981ab10e.jpg,2026-05-18T16:09:37.133243+00:00
5828,https://EliasCEMEX.github.io/cxal-rewards-images/premios/5828.jpg,https://cemexalpunto.com/uploads/product_catalog/1778521366_001f13c5d17b9c22de18.jpg,2026-05-18T16:09:38.549879+00:00
5829,https://EliasCEMEX.github.io/cxal-rewards-images/premios/5829.jpg,https://cemexalpunto.com/uploads/product_catalog/1778521747_ba7df13e745f0a83c7ef.jpg,2026-05-18T16:09:39.872485+00:00
